,A,B,C,D,E,F,G,H,I,J
0,795012,174619,242235,292660,964398,211821,781910,0.9994537804678932,TL2buU4Jb5,XFQ5cmKqP5
1,626343,855405,86114,955682,873540,996426,354012,0.3539263029887765,IY2LvE8Xd6,i6QoKxowpr
2,439844,486524,186660,625991,52206,939224,733941,0.7040489028247123,LWPwJpLxOq,HjWNrUCkZj
3,765688,275229,294199,415636,837378,938381,492526,0.9651175884874503,74amUR2LUr,85nXgJ4mUu
4,399154,238654,533182,758165,732306,22484,840933,0.31364080011978956,Ctw3oXb7NL,1QK4zJ1TJz
5,559700,73979,520150,789399,540575,671069,501891,0.23199479142081225,ozqxGfaShX,Isud3neDHL
6,650434,182241,170767,137389,100309,622751,141911,0.37837043916082347,LxoWELRua3,L07wAhHUzT
7,711897,758043,679984,350771,988874,149696,18520,0.13610388744456348,4KUjLoLj1s,ltqrfHsoGz
8,136143,849524,851508,25016,354228,924126,301723,0.6692879733377736,f4fZYtBMGF,EYQM9TvYj9
9,859351,904332,84847,477561,48879,323751,749813,0.907374787421457,1aFimZ15Zd,QoRnj6abx8
10,861238,403314,795388,517215,918083,736926,832401,0.6529224468311194,MDxNUQb3fn,cOFLnJPKhh
11,763670,464538,557676,158659,463872,594214,42085,0.9466107195081607,DNuTbMvXrn,cFlrwfg2gx
12,178868,520578,844051,933294,578952,157810,891491,0.21054956317042062,b8n4eM0JXf,INcDPqL6L6
13,815600,721738,604639,185801,202771,478138,395409,0.7317455901703807,v7VX2dhdlF,eypH6VqMUU
14,808946,142493,930013,220109,770547,97159,363459,0.33113091920386595,o6g3akTQ3g,veR7MmOGuO
15,967724,809375,206122,795459,427173,497140,800631,0.6360521838574389,KGrNHtCcAG,a7AndwAFAa
16,864239,216694,195327,58362,698406,137829,266384,0.6260954215974258,S3vybdQWbV,jo9nIAj2CM
17,206624,689817,468966,677165,247051,89442,741639,0.42602199267093843,SBnbvpyHRe,JEc0rv3LLB
18,475881,965934,686719,916382,287653,600106,189622,0.03710815948235047,oO5g39vKHA,cfPLscBMUh
19,401096,445485,737497,518006,617575,600483,142062,0.5265395746603635,TkSyNIyFR9,g9gXyK3FVh
20,834625,560709,143430,265639,618167,130198,207649,0.2660480885186617,A5bEw4ctVb,d9F1Om3tO2
21,590677,823965,882292,885051,524247,929558,699852,0.46334386454465526,ErZi5rs8D7,zs5jyLOgMB
22,971639,638866,636963,550784,862736,254312,188927,0.4449101354607431,eE4VJ1zsfG,o3O0xsh33V
23,483875,971697,279480,445389,492367,296673,413387,0.5762620788441213,3scTScUlYT,RlI3lpRmoV
24,182401,735128,855611,194571,817415,416816,678799,0.05114708520484146,lKaYj6L8yK,P2lvS6qkdn
25,873665,568513,151907,777267,215451,847136,227233,0.060604731059048844,wOlyQ7bdhz,zI23HNizlG
26,5995,983785,88070,820673,182855,399309,379158,0.032530301928710204,hfqAW9Hn5S,SweD3bKfaB
27,245972,387599,854560,361785,729462,981935,349122,0.3691677932337887,jOWSQGxaxE,KjsldXYbPW
28,165649,155226,104895,419915,936034,259123,549970,0.30416434195291275,2rjJIQFZGT,sVAnPXLTQb
29,313625,698645,233853,647098,900151,310049,610112,0.30237627759374286,O1GMy77nbY,p6DZ8wbI0f
30,58267,137828,311943,710892,999458,605760,155557,0.6377785080754642,c3vuVBmDe2,WBOneAtQPj
31,891735,261793,484828,137543,480799,445891,60101,0.134138295446238,Jm6YPysnwW,2nKvBqKf7s
32,95477,926155,21006,396836,234288,660519,808126,0.5445618705076231,Axz0zsJ39L,RuYrKu99fm
33,70449,903825,548730,177610,840417,740218,662378,0.06695739913238619,7c07RfOfWt,P9U6kUB92i
34,634136,846499,406140,135681,660005,348650,166291,0.6832571812768385,7CbfK0OiYe,SnXU40gupT
35,800465,906864,533262,197119,830773,769221,573335,0.11579066867461718,kKDwTEnvua,Qh1ndaE7bz
36,12490,601486,449445,158044,49676,470082,393093,0.43567207146097464,UM222zjhId,O38lL9aqum
37,176711,818395,654674,483506,247136,410467,537857,0.19804660911950533,F54txqPQdA,ApyD2Ys1WW
38,46217,340865,519682,796107,40044,954918,177298,0.3446310760342226,1SyQfvZKnY,hrAS2ldZ0k
39,418179,952691,43684,47141,779463,697817,964703,0.9158266932528956,9iiNmysiVH,BKqKZkC3di
40,164597,267654,155661,836861,140165,331407,731077,0.47717886893660055,ngsz8BwvVX,0iOt9dv4or
41,888540,934327,266265,293374,171803,10575,540745,0.0964271841465596,Taylt0UDA5,k584abWwWl
42,530314,13988,926651,449198,918100,720075,842060,0.2598961340657858,wMAJ59qPr8,6JqZzwaJ0m
43,908854,479960,760992,612092,861594,493824,837302,0.7724766022127811,usNXLqT0Sr,1z6pVc6mid
44,825646,775770,490642,245402,489880,595104,37494,0.6574894285590829,VMx5duNzb8,oiiaLCbWqM
45,461210,295562,517948,991336,932810,862531,640297,0.7117039741522849,7ApRJ10PFw,BS4iMeCgw1
46,674253,780774,397969,615352,492931,303534,617398,0.1108597476242561,J5Ire0OK3j,Zt0zICeRjJ
47,589401,343001,663277,984096,561370,401311,375449,0.8929415049318203,Tb4uEJQPDb,GDz08LuCXF
48,584347,569221,506877,205485,287187,670218,534850,0.0484399293715968,xFggyMe9RX,pryLibem91
49,54488,627357,954815,609406,222509,37215,164319,0.009531388824687625,L0tzpnD4ER,SBrIANzlHw
50,756341,681849,657191,247455,364799,989681,379216,0.9937474802133405,Cu1JlTBjSd,zcx7pIxMAa
51,800599,443373,679234,980469,998887,905971,560061,0.3465617126701237,pAtxwFX98l,6QkAeGrlwh
52,287253,605265,121202,545426,334183,129402,978065,0.7040259378743955,bpheeb9Zxg,3LGlViJKey
53,151800,495155,186159,145517,709549,772850,129358,0.8705219465550513,h7xso5qCAp,QYO5WTHtPL
54,314881,182604,161945,590267,277051,323620,66151,0.6657716735606977,3pcdBEKeu7,MpJAgFcMGJ
55,731638,925934,438279,850103,892978,364038,711227,0.28836944084403804,IGnXhaaPWx,E3lp9Dbk5s
56,127315,17183,78435,711006,16929,348128,766904,0.2801694329183425,iTIttMF1pN,23maysEFG5
57,592655,31666,440150,300346,297351,94521,570643,0.3501451423395361,kX0S9xkJ81,AOShXPAn4f
58,924448,812806,635732,932472,868509,855263,567862,0.3139957055600998,tyjlQO1eIR,InRLKZxddo
59,77810,606611,629140,466804,228367,588948,929336,0.7623898845200808,xrp1foBUBr,01xUgToNCy
60,143363,991741,168056,446978,675075,237245,894226,0.43358824565935516,emv1yfJcAj,vpqH3WS1UI
61,448793,715749,46605,671111,249479,605045,835932,0.6463670617914773,BWKaPZsLFj,JIGJmPg9BO
62,984482,655768,46554,625149,973484,283703,685645,0.6681235822683916,o78ItTeX5w,I8tRPIwYjn
63,718638,533353,999573,750266,808310,945758,346605,0.7071096955585842,5GD3iH0Bgu,VtmRfrw3rc
64,568939,775262,393819,102895,235320,585815,722067,0.7878602636910822,dpOqWm5HR7,W0F0ojdaGh
65,127912,5281,644682,149072,711913,705097,787031,0.25121378705974196,dSUujk41Du,98b4vmCYbd
66,81026,350246,499554,764270,472057,676040,153099,0.515727036221916,c1YGN8Ae9G,xdP6kUhtH3
67,139603,575589,957965,770399,135806,653355,564952,0.6521949366568169,Bx924Ff8Eh,f9jqEOu2u0
68,969866,617652,271175,754391,165119,167794,20074,0.6953132728854167,tlappmjeeg,ubDi3AC2W6
69,903120,399600,822564,888072,206690,177614,912039,0.23630652404532526,BBi4O5cKEy,Ta2pYBetCY
70,440334,891518,163059,694246,511550,606211,166930,0.31030928405279146,HqCIWo7gJJ,iSuO8ivXg7
71,787019,740620,234776,944820,465925,272818,541106,0.5094583296581034,aP9zgeXVE2,ESOPBqzMvU
72,111112,146355,398815,793070,219422,622882,381020,0.11113001073502338,hQ8Ne7CmaH,JSUtGgqabI
73,889792,146032,241549,710128,883313,734781,926639,0.7519601512092073,Dfx2U7LqUu,FKppQeWssS
74,49080,172517,98066,198358,707153,757643,43008,0.7029867258165996,zQLZSof8G5,6FgU7J2aYh
75,835185,291938,685130,836288,332503,724868,217037,0.11352829516192109,hGDjL1wZze,jFOUHN3vfi
76,431572,325390,674426,31788,283659,760696,788392,0.7998441765377584,T9VWrKoic7,hId3jgdA8V
77,139664,141812,592542,226213,672852,209700,309388,0.07574149192599544,Q1rA02qGUS,5xLNBrf2sD
78,453772,136425,291871,397167,478031,834884,148844,0.8934420336284323,69LoQuEY7v,e5hGExAshg
79,546961,349326,885556,637399,8024,128332,285838,0.03763026154011739,JkwE1WEYzd,fYXj2haEPP
80,736548,426991,572829,674002,749712,681893,359011,0.6888373966117818,SxFN18HA0f,2qLvoFSOhY
81,852267,227850,878640,959125,528915,855139,30079,0.13051129788820925,VpFsfSXlyv,olAailuFDO
82,282767,285094,751152,187794,707247,566716,901775,0.22767480439209842,4SkKUj1uuQ,TX6nC1n2A7
83,230767,68348,414088,898626,509023,136297,707642,0.306350705944915,W5SIcnTwDM,6YoJaOTexl
84,123082,647971,135102,379098,675643,76865,511815,0.9611653565038101,vnWrX5rBcZ,Q3Y4d5tMNV
85,489492,631493,496683,379920,220205,502228,619493,0.3845447911435127,SqVUae4NHZ,C1AEtI8BCt
86,695776,657706,502401,808049,4315,914428,621925,0.30906651210986247,54tVED2L3h,qUMUTz3DFT
87,605970,212990,47735,473876,631107,99796,721215,0.5860527945678019,XkP582qXE8,bWryu8QpDy
88,512520,715477,766172,49359,871963,421058,754228,0.3334008920723086,fZOjgfRxKw,sMvGvLt1lx
89,47459,738509,938995,52902,511688,813254,491719,0.5822591745800837,oVLF55MfxB,x4Sii8IO7f
90,801842,492989,204148,442318,993920,248601,813788,0.3523522386976954,Zshde1cUIu,vWX7orp5dL
91,859251,43186,262715,650637,700117,959697,840974,0.46733413329202844,vYNq1q96lp,frkrrbcwMS
92,114672,104907,571684,806143,54253,175893,463283,0.06422828045363671,PeKgVRYpvw,qtyYxwlg72
93,478408,623043,112730,222862,159392,583275,407955,0.7815219393223128,xUsh2CM4lM,wD4unE3icI
94,66367,350236,481036,610301,41069,933253,799322,0.6743204710567077,aAro2ElXxi,R15IRUoqJ0
95,872516,539570,654707,190213,284523,68235,591185,0.38648195948978703,g1PLrbBJi4,xM8guyPN8Z
96,168790,306771,771178,194338,388040,971797,53319,0.7080466116158572,MT1n9LF6Tv,7jcH0sLqdn
97,269274,192290,875223,121971,695944,746315,418669,0.2691582367244102,XZJLTW42uC,TVx4uBqgE8
98,641097,856677,673124,772363,482810,806903,54182,0.2511051237189281,PUB0cyAEfO,sn3pmBXsOk
99,901013,649757,615404,292988,396939,770918,940579,0.7225237475110567,PYLRpuG1TE,hV3dEQAnSV
100,789432,760267,620210,174528,554373,931759,627830,0.662059168027234,5O2lH8lgeb,MZIkyHV9Qz
101,496223,693166,269574,481539,112745,812485,123054,0.8824547823634765,3GjGwQYI8h,EVnuC7fWcJ
102,685283,814510,770063,362278,788675,46090,958710,0.35337089002934774,dm5N5Gj2ME,WFDJ0snKMk
103,935511,381314,837383,941645,113013,811479,250165,0.4611549092801742,LQQEkfv5Kv,ZHjYLuY2W6
104,855216,42097,384709,554854,191459,30788,431739,0.6073352424826844,8Yk6mOYDUE,kUzCilUb2m
105,126503,311298,414139,555446,331563,702000,656574,0.46010496602557016,wEhLihyjAc,Sk4cVUYXR0
106,254304,140401,363609,442064,932318,345472,60474,0.4564978967173524,19hNTScqEN,vbENIej5zo
107,790130,377383,32664,742416,801975,637713,486565,0.11706130103686052,ZXGF47oA5U,zCcPiFXsxv
108,684170,31939,577932,472007,182750,208374,242610,0.19676903955661873,KwduDVRB1U,LNLOisleQX
109,695999,36625,981909,555858,461348,477975,202056,0.9792623220972507,WB4OFLqEYf,kRUGwmBS4B
110,728374,237064,348338,827744,298946,999717,514224,0.048716727901029766,Q9Ld4JsiTE,d93v4CclOC
111,710466,873998,50595,577577,203992,461112,885201,0.8989759520764464,S0hXA2OwX3,wPcOwkKGsF
112,822621,350838,339521,412221,371753,467722,46415,0.9905358227582498,iD9VG6bK55,ju2nnIesA3
113,466519,160196,279853,558525,638931,336284,488401,0.46740583197274854,WWd4PkdFR2,PAluJP25PF
114,966826,447844,442993,620300,143804,359167,437095,0.6787837063375954,FH7qrSBVDP,nlILMpLFy3
115,324109,284702,87223,69030,193242,771648,71058,0.8578508574050109,MdkFObSP8R,y7ApweocMC
116,935263,637749,789636,120998,747573,999846,295130,0.0072974511356721505,wZveUwXrdx,wqfGAjzfms
117,7853,765014,585862,144141,201322,566201,363713,0.2575051508310805,ng0Ye9EAsw,55bpySB8Gr
118,733750,579867,979590,780619,470815,570819,338320,0.934900176893383,v6Ml0nDPED,rOmE3pAmLV
119,257603,407123,941918,533966,93087,658700,436651,0.6355808643061369,f6XUXqU2LA,BVgP7UUEDW
120,258669,716014,123163,411935,207275,482529,39011,0.6941725268158615,FG4CZD98of,gShf9Abqo8
121,850965,264945,699125,877003,28621,378274,589420,0.2727966603668859,cuo2pe8PYP,SMiFWiu0KE
122,805926,621018,67320,129065,896076,128346,692406,0.3704428022586056,LcJul1u3N7,6DgJdbodOX
123,535907,314869,986523,849803,971318,132707,468227,0.918235427732935,myvNyHuf80,lf3wFs1uYW
124,931701,426929,380736,985615,161939,655580,537283,0.609595850811372,nhJpq3Cvci,RxOzdSnXm2
125,732097,382588,29830,667601,358966,447610,487653,0.6817258977571601,1aSITVeAQG,KJL4NzIcNk
126,935927,913266,549603,657087,11036,756406,266933,0.011123139641829538,J4CPdHxk7u,IaYakrreTR
127,732810,934155,510384,536737,60862,107457,317986,0.11876278483665526,sNFoOIzZhk,w45PCThlAV
128,543086,986199,76813,536232,279800,528958,479500,0.6217664804776323,GDe67FvHmk,ywFOSIcjsn
129,104009,640801,199771,370119,584538,66131,401774,0.41214772302234004,Z16aW43vW8,9hoDj2U6k2
130,917331,440677,617572,611734,30084,679531,122911,0.40891498075096877,uvcDGMO9LT,1v2qUKApsg
131,797271,539250,523871,64870,634679,317147,445495,0.8903454948330187,qy2XXuFhVt,5B15A49m97
132,146506,853890,817794,523318,122647,403198,582806,0.8870665203379595,5K1dCkcVZi,U2MAbTfqqd
133,833470,572956,652990,718757,242221,836931,41857,0.9634926158486126,z44NozUjQF,LimwjaU4kM
134,521017,852892,736582,187902,470506,107450,97821,0.8395181686714288,6Ge1Za86Nf,amCUgMVNhU
135,552082,835301,440697,125005,998155,206742,162328,0.9519774217862469,6Fi3ZfYecp,FtJtDKb8r2
136,285790,568556,490580,567597,551106,76354,159769,0.8823320887122471,VPVq2fPMoW,Ew5jfeavOM
137,974893,851327,654526,630696,979077,202194,504249,0.9728165546370895,5H1F8CKJtv,d4QYMf7jQJ
138,256459,514481,568240,383558,706168,909945,125283,0.1224434006649825,x6g7lobQli,Jgd9b9Z3ME
139,258551,866095,876723,778438,540540,605431,727509,0.11005525351936252,9tpopbrDLB,2TJj2Utflh
140,510489,351288,301371,34858,653432,483422,974594,0.9333875516032322,Io8u7XX2Jo,4otCkl2apA
141,19533,66076,29611,956138,835838,238465,764557,0.02254019503582927,8KFxCk2IaO,tC9evYN14d
142,316956,744677,648030,597671,432545,316672,434912,0.2338272314482579,lmFL3R1L9R,VAtteJnhyh
143,39666,266573,645829,491950,107375,83252,887219,0.7108473192834006,GzVh2Lf4kc,GjetLuFxSq
144,639654,202809,851285,171482,929088,987840,503797,0.31780732029042413,4tbOQ2RDJO,Z0Xt9AAjFi
145,382431,901211,229426,167211,584813,821938,819485,0.745968366729581,2SKqwBBrEp,gwX7xwHzZh
146,403896,472117,265340,782410,912477,314542,121491,0.6102556806833705,G03LDOvFOL,jGO5Jy0GDt
147,377085,380763,588732,91479,707101,538894,328567,0.8691796218172185,GlkRnVcguI,QdAH8aDHO0
148,607967,875417,510509,160110,593313,201147,680391,0.20299442794114197,b8anpBDuGo,vCG6InXnGk
149,308228,263454,327536,751591,365697,390185,148743,0.5200530684345442,O00K2rivt3,rOKqIF5XyO
150,756231,202041,922985,562262,431457,397071,57115,0.5954420229913568,Yitd1lU5wZ,7y2j0unFhK
151,220825,366762,625459,135523,242037,728375,703101,0.23027149673205627,uf1hDInQGl,UCLUnPvpCf
152,717321,765165,152357,71405,106021,739420,482558,0.7626357097096763,FQuyPPu7To,NTANwHwat0
153,56668,84801,591471,683104,712206,805689,303372,0.7979114525810481,XyGIkAaBqk,wSW5dszVkE
154,383804,458844,549145,773351,294143,591784,448860,0.5698472314504937,IM5HAqkuGo,oJpToDCwAx
155,671856,129854,165848,856949,616846,180137,435371,0.9780588884160254,8L8sVCsWQh,RaJCXNkwdr
156,139439,158886,698929,270167,423041,810816,825650,0.5900070836021805,yP5QK29rVD,V2b9OnoDL5
157,237907,82516,525077,605234,458969,462262,501831,0.6200335222192279,BQO1pVNqF7,sv3ggUcsZ9
158,642724,178202,641411,398391,741927,929767,759253,0.9705198808819441,aBCweDRSjL,bhWHshPkIG
159,539426,879888,778127,969916,599278,547065,625877,0.5640427676679478,xQlqp3WJoL,PMb2DYeog0
160,849689,305879,334467,192923,734035,25045,343018,0.4611903807793801,GDxiGNmIuP,tmFPnZNmth
161,865551,219383,548232,689456,494833,196923,53396,0.08833768546081067,LegQFJhRlx,OUY0ZbV2He
162,970824,851211,716179,535698,397002,257671,400329,0.13666287298162394,leJ34I48QZ,9xDr3zmoty
163,273799,617320,520722,981652,747638,854464,880166,0.03934853085578405,jChMTpGVIE,2g0AIYB98U
164,333450,370584,118648,805469,632447,967853,736699,0.49751018904512334,AtxiKkoWJ3,fHvbonn3Tl
165,501309,912387,151566,871647,90275,479180,510054,0.4437563861516064,LMnpv0kFWd,MUY1sjCBLr
166,927679,29281,70120,4824,267660,175309,490753,0.006678537880312363,S2jLiGeqJD,PCfBe4ERIx
167,942167,716577,130759,616187,132936,461895,51005,0.03152564932446922,CJFWylqtA9,XwrgCKHkJ9
168,909080,620334,56960,778418,720536,170428,394175,0.3134050247113933,gwkJ2HTGC9,mKmp0CaKw4
169,899039,735781,809372,376397,244595,374206,343590,0.9861367719034202,WjuEsTxs0M,8nnZZ9ZTJP
170,379277,644782,218145,866366,273611,99227,189387,0.5290685059368678,aSNLjwLd4R,5PTqU9xHer
171,352638,393697,860364,229170,136876,146903,308279,0.9022748611030897,gEYtLa7iUa,1SGaWjWKZs
172,709287,494516,295651,505461,215088,844709,564881,0.40286774569709494,aD93HrqrCV,D0612iGbIi
173,173455,859767,129946,140554,228554,112769,626597,0.19081732599190815,giYGeDu6AD,GVBK6aRuz9
174,793392,399909,792125,378890,439438,939377,185768,0.08639384900384617,kT7d5TzltV,hHhYrr9eeN
175,388385,735589,5499,597808,782778,978288,870309,0.8763664248996922,DuGS8xABl0,4jM9yrtP7v
176,728526,738263,205875,904207,266691,954341,400398,0.8026989720830159,vSplDCchCZ,9HxD25OKvf
177,491232,825021,61241,15643,299539,632802,107076,0.45781331040251294,QMbwDbXsZH,fcOOKamalE
178,217160,275955,876528,148012,801520,944068,134095,0.05394919358620942,TBd5ameQu1,H4NXc4oEzG
179,364215,339781,867731,242847,311331,454566,762490,0.5546969523582409,vtjXqH8chQ,58MIjTRtfk
180,129492,567019,442751,650807,651793,512131,647887,0.11513620940873637,ljGj22JFpE,NxWDCO164q
181,905863,119661,913781,742042,376824,155155,98641,0.04836346099543798,6lFAQCAgja,p98ScgeWtd
182,417551,341748,996384,957467,311897,501315,265805,0.3547514768508343,yd6IYqLSpO,Zx0Gz7X2nh
183,633386,106660,322416,437019,549461,636813,461783,0.4454093405096471,CxdGdi1ODh,BW2HhGVT8F
184,726984,442558,109674,428443,81566,887197,790999,0.07268428559890583,Gsmbi07yTp,pKKYe8n2Wq
185,274843,134311,995233,747578,791367,638670,341198,0.41107314724683475,vwo7TApblO,4ncYD6Sj4t
186,98420,436687,869377,908480,284304,38963,706698,0.10080948849136262,JEvgPpHd1Q,mg6D5ZyQv0
187,406561,216522,668629,1114,679251,656732,847119,0.6441958641379373,BdDPEMlwxZ,1MEVucOrEZ
188,289180,989396,516026,864142,373219,242495,562495,0.23208819674820147,qjnavabAbN,8jHGpsPWOk
189,484190,885442,802035,206959,753445,798229,756004,0.6780016267168067,twytNduw8L,jvAbeXreAb
190,370794,883597,678559,84314,706131,510808,440329,0.26912735084781114,BgYZiex5aX,0ykzF4r7Oy
191,599467,319971,181933,932222,660086,265959,604722,0.21770765364042566,WxVimUjhjC,nGxX8FoU55
192,857017,611823,677771,222767,353167,900126,788093,0.9254522110317265,qu6W3cggXd,LicSNKanU6
193,610082,828855,350929,990887,620507,921360,774968,0.10834648934745661,GiPVpxQZt4,069tMLBq2H
194,983488,834914,829437,702024,243387,205918,765656,0.5360146128735536,xuqZbhGPtS,M1AcraerZ2
195,307158,530928,305226,142311,166824,451929,823689,0.38009519823278237,9bliCnu83V,cQaR63b6gn
196,148122,491045,544165,578844,562614,577781,237471,0.9381660546983901,HDmqDfOAfe,NFG8lE5KZi
197,810995,447252,143791,310632,117644,570395,423694,0.8058274958159065,YKUITIxzMZ,Vfs4u1gzA1
198,145313,982860,880783,872054,648801,119672,224865,0.6104447733813836,RJx6cBksiU,JfzUakrJBW
199,9494,34402,803269,618940,144052,535147,813188,0.17345679234633493,uGW3XLrwS0,JK5T0FZQ9C
200,279931,86079,575525,419429,213854,391731,443175,0.7475305122124517,g1tDWt6W8R,AFAKMSb7eZ
201,295477,936580,138288,792335,702255,84069,657905,0.04663444640011616,FHvbej1HLP,GHEX7VyfV7
202,534924,7181,772653,642739,749715,769584,217222,0.9656555909346611,lMCy4YpWYR,UyNC1ln5U6
203,901657,898741,951315,129456,223655,445079,739474,0.3493669920097229,bRpG8bxVYE,4xXmRiZVDe
204,256196,596497,82420,365715,960482,387064,828813,0.26223961538161644,ra3Y9v1tCY,7j6oW2uyrF
205,1948,264371,836775,639694,278989,985410,807890,0.15767712531289735,eGrN8b4XKC,OaSjWPH2wq
206,377388,240866,676975,527368,121854,884849,192805,0.06008447855999355,pKjoSnkR7u,V5ERlViuAj
207,500709,921882,488203,163095,674692,996228,291112,0.854523361816687,aGnQJ6Dx6h,9pcbjRf8Yr
208,666628,413308,420977,415838,501274,774779,881362,0.2757565752333606,FlkmgNHSc4,1SmgrSe83q
209,494030,336480,234861,697704,732520,565118,183247,0.5194261457581557,y03WKxAeWE,rqXMnvE9ay
210,395169,207780,939214,637983,341290,576833,224428,0.8816843583783264,v0JLmf9InF,EngOVdZf2X
211,559486,553167,633062,291489,496021,367206,945686,0.1951584011043106,iCwO5kVvYw,3rt9s7npRF
212,887330,224258,685147,893532,478390,663858,742804,0.11264375307783925,m1b6l0AKB4,fK8ktzNSB4
213,913382,753509,361771,235045,751989,664961,335200,0.04745590934531818,DwGBBUL8l7,46eXMLTeDU
214,595728,218725,739374,791389,216255,378655,348243,0.8263392157523334,IIFpr2XfeS,SderpvznLf
215,194179,979392,654671,98679,233089,931861,658561,0.4617092362362636,9xupcVXOOW,f3SzTJ7nGK
216,430635,466849,175091,997544,433693,193482,980681,0.5311348247137819,38NLZgwKSz,JhpEQJphBR
217,17249,189369,280988,186416,530861,825836,556664,0.39299662251820944,iZgfPRPpXk,BVHm8sDZe4
218,773331,176105,47127,311042,435849,820005,996724,0.6895049373706867,BtrFjZO0oq,yRKNSRDx4I
219,88415,327978,140396,984932,543060,721651,979415,0.4523000282440286,UEUrOfRoA5,AS1OJ1ghSm
220,784380,465651,497962,24144,200776,554107,466152,0.6833039431779483,tIi7OnX7sE,ZT2ogw5lLT
221,260023,786938,843884,818168,493532,178448,449648,0.9696747060005122,RC6tcGL3KL,QdgccmVJJT
222,326601,673362,90586,584172,37412,69914,175800,0.7600547801952019,MK9WDoANBg,AIp3A9kzIW
223,222233,152446,736058,939855,604942,407373,5660,0.14692069989833711,wHpLgCSLDY,sRi77T9SbH
224,638556,429316,911618,825777,205851,567340,148960,0.44644866684596685,gSSupTSUGs,x2RRSx7oww
225,352769,119013,322663,585861,482747,6479,50677,0.4387933379012543,GgbxsaD61U,DHwNTeVzxw
226,180883,494023,390593,960216,103669,332375,409805,0.29674759114117577,67fb4llgOE,efra8sxVYs
227,328244,549522,567785,345014,662795,237215,227238,0.8689863507921248,l537Y9Q8lJ,vrS5xEN3xG
228,671542,658587,861870,619268,979687,203377,778405,0.028485769687124574,9ngntuPIi4,Qhb7fTE5aG
229,710340,273743,144873,713322,543165,90891,57230,0.12021889479540282,d0DfNU1N6e,YB9dVJLSKc
230,60534,424645,860025,246038,190449,986483,158653,0.6006953346878529,G3F5GWdKAq,K31OOF7tup
231,323221,204180,44521,96964,878597,467657,365093,0.17522819130487233,9hjm99U49g,VvVv8bgiHP
232,156398,369842,175008,247394,227447,679407,545536,0.6684927053528287,xg4M0Pvpdw,smA8KKb3K4
233,245662,308802,943043,505794,635318,220617,350156,0.42761873483874546,8pIDGFDH7U,u8JqaLfuET
234,817042,250556,84412,66719,42445,299167,132809,0.6229391328991396,szLyZnIYSc,7m0hZcOqt4
235,581756,291494,24088,552767,792192,179467,156329,0.5147967309928126,B6cY49FL1i,bd1IzjMSSi
236,700819,214732,338242,918575,728956,319699,806866,0.8627829174311529,ZUGigBjyz0,uhPkFo5fc5
237,526756,380239,688897,384250,538099,337809,898036,0.15143124632445581,aAar13hTwK,7ffYzOykWY
238,34399,874369,79166,722049,243649,891605,54662,0.0453591430331326,6F6KymJfWy,317PGX1NAz
239,90158,181224,943218,568099,398150,436044,628870,0.7528400860748029,0joq81nRef,x2l30nc5GX
240,685093,965922,697522,35247,303163,265597,931181,0.4784676541060604,XrePjEXqCH,KUIrCHxCH5
241,154304,172201,514019,225856,298645,610537,597387,0.793162471512036,Vs85mZ3bUt,6Fy7HDOOxD
242,444588,275404,78165,711376,819355,132442,575639,0.7216689224900165,TqKEyJe07A,Qgc1aiOBET
243,68911,824796,139164,987196,656801,511743,648241,0.20012331003978245,LefyfIaxkB,CpZo1bPods
244,376721,178611,694596,177446,989072,374022,99912,0.12459025251014633,CpWQprKRBp,bLFhjLnI8a
245,283520,967540,170731,742599,867107,515425,15214,0.8176708560648602,L7Sw64tfMI,FZ84dpwxT8
246,147750,813867,362905,521272,836669,699426,430104,0.048244561655080176,oxZhK9Y6qF,UqgZJNgvYS
247,517761,51627,999008,516927,526465,84739,346554,0.9149992255738303,XXLXZm1aWq,shYYHOdHEZ
248,38805,57923,430559,58610,640561,828956,537171,0.2955767672754954,kBvhUcW3lj,gxxYQzFKRF
249,963662,843396,869771,942882,320901,590298,197264,0.437152304651356,WBkFDS3mTL,MISoYIEPJ6
250,205651,656558,397814,265699,737325,895342,298078,0.6737816725005904,n00KLybzFs,qfGW2fnGDo
251,343630,255222,328446,46294,923147,692828,950035,0.0015682238216501165,8xSOOqhmFT,Lf95vvfn2E
252,593993,154123,729083,195807,419306,939524,211455,0.4874892128175563,QJA6gm4kwZ,IwvSjDTVNX
253,41796,931680,213544,212119,947535,645650,802178,0.7922807035308405,VEujrIXJ6p,Ejw7pTljHt
254,687576,444132,290022,278768,421255,120116,620254,0.02798949410790763,uRpCAaCXUo,NbNADrztNC
255,709517,246970,907836,606162,543377,433807,976358,0.10226521153158652,ZqxeEvLAvL,ZZZPifiAfP
256,457571,963426,12944,766731,163663,624572,355971,0.826231074691861,QVVePQ3Oj7,jzCuYSms4W
257,939313,16169,368201,114785,873243,129885,478686,0.2232027338209669,b66SlAX1QV,ICLSLxBJ2H
258,214003,422335,68000,480209,298039,154032,232073,0.1335774876272342,VlJNwIElCZ,PqAqAKjuDn
259,991618,241269,233315,924668,844721,147986,107255,0.23551214290421674,7tcsVTLRV7,UOtc7st6mp
260,693274,478629,866182,779988,667089,948502,801266,0.851147052954143,BTP3JuQtfT,gMS7QDpkiM
261,290443,700470,373153,576724,199331,540877,544358,0.7873980937334791,G09OJ03ikz,bXkbmtd0EV
262,636058,668690,575658,143474,142438,622566,271762,0.0920420259066761,4aIdqb1SWA,fNOdrMRybJ
263,780287,568840,382310,912527,827686,355806,647965,0.9574937142003709,XX9iRMSUN0,NPRtHafQZZ
264,374190,628964,969403,422391,454932,832245,210670,0.01096096210906583,1cAyJIZyR2,pAvk9uAmJL
265,266212,201243,949544,187971,285532,19619,791653,0.07428456301083886,93LclDsGoa,o6lvfPpdy9
266,162415,509750,610002,869620,71810,92198,229793,0.4105085448726188,5D1CnADboQ,cuNzzfVoc5
267,541692,622731,916418,4613,889706,887044,957360,0.26892272060258027,uUhMMtIx7P,qVxPhreNeK
268,820597,534895,648568,637576,333363,466172,775021,0.5217627711556192,S6kUTWcxVv,8rezYUCgBx
269,736740,151075,348121,203926,372252,935243,328790,0.14143311127499347,CUjpELFLyk,coOZt5Hsq8
270,501611,162789,113260,961465,184912,991652,334902,0.21450898216076464,AafFDcCzBh,nEk83qeSdU
271,878873,961079,470061,359889,183009,621145,682462,0.0772294817380399,UsJlMS7XPF,9BOagGLamR
272,167025,646937,429706,555824,23256,189062,608596,0.6018916266022372,0fAddM8g0x,nKcHgaaBX2
273,307120,168296,527372,669486,44978,169707,694055,0.4221318706095213,CkZc2o47bs,Ar4WfinORI
274,737167,959342,283325,171889,504768,983309,483962,0.663349260778216,Fzao16ObQ9,ozG5Hv9RxD
275,518888,878268,950430,766483,865374,877896,806394,0.441843543232993,A8xUazSyA2,aHRl6CDA9V
276,251034,401652,650468,205323,842454,554516,517417,0.6043241820855199,to2Q71IGba,TGf0Eu5llA
277,903828,70037,490534,395423,263067,742792,664902,0.09626421343853109,p0IKvxtC4x,wDeqQjerH3
278,394542,222696,954958,550397,983092,532882,451664,0.042044050041249115,kfrOdtJeuD,H28xzTUx6c
279,794031,713184,662120,223746,782224,347008,971082,0.46289267013822977,MKTRY9M4Uk,wMgP46j78M
280,779730,772578,885917,707973,277889,793775,93776,0.7916770294643223,f7r78PNScq,R3aIZ93Kcy
281,100692,625412,92031,371153,483649,388739,623062,0.5210118517512431,kxinLWyETj,AxeDixsEVV
282,282563,28015,171448,648009,630753,769714,402900,0.950573916395499,t8TUmE0QiE,l0zRETfCNk
283,305768,208791,845236,921145,963395,207882,916574,0.671242499625337,TV8OiAd6kR,KAvrDVZ5yi
284,846285,565928,482728,523625,184613,519640,319794,0.8463568941011246,3ALUEU5AQg,4xaOKuJRpF
285,389038,984333,129232,808068,659297,853775,429286,0.5109723378546254,AQdQQycRDs,sM1idiTD9V
286,886522,571353,738987,80852,819477,838388,510398,0.47567502634110037,Rq1siX6KeH,BzG17lO340
287,297987,777943,83059,372545,703697,345320,140099,0.49907335314121004,ccJV92HAOf,5GyarNHt9W
288,236261,55689,840612,928132,886368,524786,690356,0.6510105974119123,tLubvgiHNm,ZDpp3qvJHl
289,921694,847168,551553,483055,724900,629052,32866,0.8267114259570715,MMVFnKwD2W,byFFzZFrEr
290,17246,661937,432650,715100,300868,684579,784115,0.18478811957841135,NkDCs2FnoB,oajA4U8cSf
291,41622,438272,305001,663173,265943,551240,845145,0.2069468972104409,gLWj6CK9BW,lpHy1qaxmd
292,66935,924182,997834,393121,226760,36368,702468,0.9338567074502219,q7iX8dRtNT,g59PgKbfFk
293,902170,962575,976386,33986,810358,773455,130715,0.5067725601267664,89hzHq5H5E,XJi35kDlqt
294,74588,397197,100307,370143,696142,122244,3506,0.12185262775293748,v04kkaAd3U,lzUhlCCxfC
295,622351,940767,510694,945404,755506,678327,769286,0.9976416958054642,oFWJE4AaxE,llHMm76jGX
296,625817,319079,316272,540438,126074,81863,456170,0.47616927421931854,5jNkzbKxME,REOXrKWqQ7
297,45887,482305,804670,215904,347200,855947,436725,0.9615131993081066,9OFIXzYtdp,xrxxtl4F7S
298,421432,258215,378645,824698,704552,264440,250048,0.24926033860282015,fEdhDxzjJw,Vc9pY7KT5k
299,768265,498839,218985,926464,267626,381196,254905,0.471028611111597,EJaTsgtzFD,38wp8DeMB5
300,37992,835620,747863,922358,819150,756996,748847,0.8491204539322107,MvwTmcnKTM,xMlgTXFBVy
301,766117,784662,986059,86247,959930,506683,467473,0.4492968587920557,VQidvvVj8T,oLGRN39RCl
302,472909,742098,637573,23359,363386,6870,925168,0.3397160109349746,EOPWmaHqib,ZsvDKahz3u
303,128564,473506,962831,861158,654647,427619,718043,0.10893316947418974,gLorf1Onvy,fv331bwYFZ
304,555306,88950,209078,570776,497567,720059,808222,0.47238845093563697,x3YkBfwkO3,EvjcDaIPWj
305,406938,838891,14527,549294,305987,396976,65008,0.4530606823687495,TkCDe5Aa7D,Vhjjvi1eSv
306,737954,104375,143080,209544,615457,223210,193599,0.9267581614662463,NNm5ain2uh,t7pfaUQkpX
307,731519,741437,914680,902793,974156,932630,523357,0.07052660902755681,qUOsbryycj,Flwxlb6OFX
308,138936,97763,949492,776920,83354,294333,183286,0.4367104458118012,VvYtz6Go1q,XVEU7Os1R4
309,573032,924295,88554,605559,972094,529826,150316,0.9703107145540016,MaBO5CG39y,L7DuGJxH3r
310,427045,17206,22935,90071,594230,760377,713685,0.25666644377527914,hnHggWI3Hl,LCFUmua68x
311,876666,755803,37996,546057,21815,451432,153690,0.2460821527250977,BpXt5Glinz,iFp74Dbs6v
312,371083,363712,489795,999227,742176,424354,637878,0.14769759734579468,qp5ZQpi4Aj,d5APeE7Gqs
313,778873,330787,885735,616791,901557,905719,735912,0.4951729204914276,ePfMJwQw0P,E5Hrx8Raox
314,432343,398279,34844,646323,944064,873054,34410,0.19217681250169794,MhFxSRz536,jGjdJDJJfj
315,390896,624302,303166,581638,837589,211795,412788,0.3862464914921908,epxg4B5oIR,S3cR1RemAz
316,725591,776795,806158,157138,612829,752943,558000,0.5830506991554698,RUmMLI1JFl,Yv0hSWJFOQ
317,906472,754646,761869,221413,358993,953545,499380,0.5393091285395134,14iTKWlIWw,reo8rsjDhZ
318,167723,489389,850085,343290,590374,176414,439799,0.2611943053995298,klmd912asQ,qVy77TAYVM
319,546799,175348,466971,997937,860684,489829,213978,0.7410128890077751,2V9S5y1Kpb,pNWQGudf2J
320,936853,988487,923520,324620,556554,646690,183692,0.6033771399060213,LhNhXOEnNw,UaHfLAXKXT
321,376029,869434,922034,404661,851093,173040,774371,0.6538707919239295,O9X5EnB80k,i8Iq3ChhOD
322,543034,113442,915086,559973,502436,755440,192889,0.7797968172330194,URKOJd3vxJ,Xo3hobrbva
323,866086,853833,469780,607071,840218,265546,573953,0.36094355180857807,fnEPMEt8MK,z8zp0YtyLd
324,656395,366265,585581,318623,547729,391786,451158,0.7507594963953476,WxOeNH0vcR,0glm4tJtS1
325,755049,453957,996161,737985,486445,899140,237910,0.6696377152818251,8v5FUNnOdi,ovnU4lT483
326,289766,248665,659496,841257,410520,174020,238375,0.5786411270266648,eQQiBBPHOZ,X5oaYRHPaJ
327,444401,190668,748041,294038,80412,883663,519699,0.6079179472743356,OZ3W3ze1PN,ss80nJbmQz
328,962636,688586,675983,71843,570263,174099,765108,0.8383954494914954,JVIrgwW4kb,Aw5hOizuY0
329,731754,53908,878130,596198,884544,35023,614670,0.11781382026209497,iNJyNZTboP,GSU0ye7sTv
330,661533,800272,623575,724048,711168,319138,559245,0.18968460046079572,LAXGoNfTqn,6IfXrtSGYn
331,406103,153013,583366,309573,328599,400204,392763,0.5973854660171364,waKUx696Ew,JpTz3myh09
332,681961,876278,544389,677719,525505,506814,508731,0.9056836978952876,Y9EeiSFkjo,bMoMXgLQJs
333,715188,533657,557850,78350,122426,575212,918363,0.7312414807235816,jSg6d1cM0T,Cy3hnkB6Qn
334,753748,986140,740659,770640,12671,815828,616412,0.799189257048651,GBPihdqF5P,rS4JBFbHJz
335,627306,589362,873571,943868,624369,516660,572957,0.6510504147552096,1CQ3cKhlZy,OKA9kmpYDA
336,924919,811785,141273,71191,289483,315209,730849,0.15707076802824982,iTRvVH5RrB,iQI3XCKtOg
337,490306,781115,155307,155714,646211,650757,69428,0.14879955896733676,MbPUFv1opP,Zwm62H2mLt
338,755202,520250,51277,368942,362767,647998,501757,0.7213714679505494,KUQQIqAHQP,nhqfkNsOhF
339,868568,171865,566190,931473,581144,82271,84057,0.09411029691716033,g26LelIpWQ,ezNMxHUyud
340,787897,810636,516272,216724,568537,166486,315020,0.8859841133067988,Cjw9U5Upjn,7ODbzXsF8C
341,606473,928146,71509,644411,625592,828899,880259,0.7536285542139297,MCxWw5lbVn,iU1LEANk7t
342,72565,815180,518211,592905,884069,323541,416643,0.14181431420608848,CiK2C9f42L,bKVK2dvSw3
343,186913,810169,531869,451194,339699,483839,245527,0.5061652513119506,iz0IelH72r,LAUnLwL17J
344,394071,386225,103717,670971,370617,277770,91847,0.5540216193977651,7YRAzGpa3H,hNvCrKwq0x
345,125776,374118,929656,375587,240518,657792,851588,0.047149743129530575,0Go2Jb2Y6V,eI0HkyhKVA
346,556162,212801,758804,281064,411362,411954,173379,0.8179867233686208,Xs2u3gpL2h,AvyNfShUQk
347,773759,105360,21832,115325,610146,251218,608720,0.6620614486534224,dBD9ScbgOf,FYBMUgXFIk
348,768700,819541,470014,28040,54091,540328,858562,0.2189252120765729,0au2wVlNIY,0SBhFMwxKX
349,416057,320544,462266,568971,695142,846901,936374,0.6337419169063451,Y5QAwaPCX2,OFv36DJvnR
350,342316,845355,2877,349981,913379,809539,139228,0.9541790080368143,uC7TBPUuo2,Sjv90tS5rW
351,187838,438288,731328,325915,533871,342484,825056,0.3961990242972424,EHierc3rHC,pD574x8ftM
352,168536,479083,227039,483337,887656,168740,667298,0.7932441580366871,yFaMetuv7J,Gk0rWr6hc9
353,448821,671528,61079,50740,987087,619486,470819,0.5716503746606314,X1i579mcFa,uwP8Sh3UQx
354,334798,27188,900599,628821,628020,158932,362404,0.9515499136503663,ctYtuwOLzb,F1onK5eDtA
355,8592,509198,935176,327143,3207,644952,660700,0.775465056453437,FpP0fHJh0O,d9A4azBtul
356,794808,545712,317625,853476,772107,279135,760834,0.832509830980331,XZ7xbIT9h6,3n5G9pVLhc
357,10662,453302,124081,84891,536428,25390,433796,0.7639584761464381,9tvkjH9drx,bIPqNq4sz3
358,699542,248592,696481,735275,551017,757628,162684,0.27968544484207336,XMCVsMoDct,XuRCQkCBYa
359,915561,378367,945287,9866,676596,646525,782221,0.06707825232426046,WDSCUrMaOG,5XcU0Vropd
360,195720,872818,406793,978734,484932,835421,557224,0.7678118228245953,bY65EbQLGL,2IrKBEWLLX
361,758358,438888,596527,324846,407593,138103,117347,0.7553141308640904,86xtKNjwrL,pgCPfFhGbw
362,827914,177103,779291,966149,863522,380244,219027,0.5471155700074871,fr3y6B7On9,deSVkkyuNb
363,135539,897182,492591,805777,670233,693717,822263,0.5934736116082061,fcfckBVM6u,1x31Rt4lQ2
364,385527,378525,371953,400319,347795,406718,186976,0.3202809648497653,G9umhZhia1,izC5tuQEfm
365,411131,980290,539176,981436,74160,527468,550345,0.02338617503474616,HJzdaX3Wn2,UfB6NNMH5F
366,204918,794009,185865,594238,843792,792886,101503,0.0675051120999195,QABVSXK11d,kSUadwMk5l
367,364495,664017,770880,667694,752060,543988,132097,0.679748917267951,5aRtb7nPc0,RsFgWk3j72
368,863564,494795,44771,108972,190034,418238,43466,0.05661326157205093,jxgzULUQmv,2b3AUa1cFr
369,29557,562100,792675,491599,152683,679924,488305,0.5173495350318644,H1BzlMZDBO,zGGozbhFpl
370,684264,370106,434111,671730,441453,891223,318171,0.13442115064711424,mr0tuwMTAZ,QaDb4CCbfr
371,586443,16664,567449,986385,610374,722502,621602,0.20544479460327403,h9GNUIPjc2,1YY5LcKQY6
372,46054,806102,893476,369828,122966,34119,399053,0.8360029715935883,PuIgRqp3jR,yrTDecpfpb
373,38322,42974,632179,270756,153011,671339,501008,0.19628028294239896,pBeYYEWqvT,pbwmaj2KeY
374,204327,984433,639377,824572,771152,484163,54539,0.9733372294514298,LfT0VQAIZ7,O10L8AvFqa
375,143716,11250,306658,400995,685926,457423,200302,0.48094472840989566,ZBznl0CnbW,I5noa6w4ei
376,197530,421630,711606,420710,883638,463196,315222,0.0334037596761374,cxdiANObbW,q0xCb5MZdd
377,632516,247798,766851,418062,407981,640228,482934,0.32343839563987387,USEk0xc7ER,dGYgmfTvpH
378,947539,479795,2669,975682,811412,356868,41901,0.5485014453533188,AzIhhPDpRT,SIBCLnb6gI
379,270130,333483,284634,195485,307057,198860,401763,0.22003322498833755,pY4FhigKPa,qpearwtxjQ
380,373920,289424,371516,119419,849066,952902,675827,0.31695566036539513,sxWnjEfo6w,gpQYUr1Cy5
381,166149,89207,871716,878189,277363,199381,329861,0.15134459106743103,p13ODbPUnq,suTRKrgaSn
382,833579,800011,997648,316198,762294,150460,346043,0.017395898461831427,BD8ki8WS7H,nXXYxK7Iv9
383,582457,902894,671387,865050,841676,491760,519438,0.6554148287623424,0XFwQCKhZW,hj8ymtNp56
384,258152,797598,629599,66825,753725,390922,393850,0.0104509878639244,bgPlHBDeQd,Ogz09IQGrj
385,717683,314806,199997,765885,216547,319834,256464,0.41910917792109414,hveAulOr1r,aXMODtR8SZ
386,790151,663090,207061,40017,706662,159866,2642,0.2065506732821577,0sKivqv43O,Ytmnwo6N4G
387,244648,931586,622363,151608,215129,288738,176222,0.42702249155064564,jrEBy8W5pv,Nxv6rHHxYA
388,563398,794585,804238,612135,189935,183761,965701,0.5016931161136332,6JdwxQ7zag,BhxHYcu7ap
389,998323,412914,831706,375971,124119,180426,726567,0.4963641836922822,7R1aAJ5Zkb,GKbMvyrGQD
390,403260,431060,877003,594538,918389,899215,446573,0.6697654631119927,BK4dhhCWkl,ewOD41WE2K
391,387674,471234,637311,529337,285690,404229,798473,0.3570299873293683,luDvVWdcv4,TXbcklBRXI
392,127391,588293,327343,235839,174726,807171,198653,0.7747914750423947,EFoHiZmrnw,zMcNfix6h3
393,564668,934939,633566,420009,808484,594459,59665,0.17576100949004936,KckHAWcD9J,r7PwaPe49p
394,88867,888372,957325,114500,83536,229444,102534,0.3779900529374014,xnhevhcPcJ,KLGokfOlXF
395,128884,838698,443298,55136,910843,328212,6333,0.6426385849009701,CU6t1S86r7,oEycwejDkc
396,505429,124859,352957,991984,208427,294762,724787,0.1790750195036479,0ytgYrofZT,dVEKgAqkmY
397,525674,439558,789401,169119,126958,62374,922715,0.7494130054200917,S8SjoVpUVe,CH4xB1wv2s
398,891788,448463,814355,446093,104387,85218,720671,0.8088771717834342,XWta7IMubQ,YJ4kw5l9re
399,270708,347034,773092,773518,766822,282177,523086,0.10683406406026574,8X320k3AJi,SBktqXw5pL
400,917872,686518,845310,492706,408739,286739,224908,0.46620840797663043,rez1922WQW,r04UTMClSA
401,287501,62816,8959,391598,230183,986593,593643,0.3312043266784215,xrXNF0WD4R,rMeQelYr0Y
402,122897,86947,185895,380674,215706,55956,604008,0.06779703823551941,oSNhQLEwHQ,bmRzRxTlJX
403,906270,968744,108834,662494,92004,475251,549731,0.7976063420669024,MFwIkrUo9S,QfBrs4dT3s
404,356324,198655,694307,481355,703213,907367,412109,0.7309157678406876,IJb820ITOa,jnzC2tHSDD
405,140134,444442,203170,762055,865473,353900,700471,0.731669856141768,bg4BJTMEyI,2RqrLM82Uo
406,452708,579590,801247,152764,31808,85855,217567,0.9913109669915264,oFv8iJbyXR,POoAyZJ7bk
407,876420,379795,832020,402142,276309,337853,598828,0.5717527723334642,fbt6cyUnzu,kMIWutgNuN
408,449114,473187,30640,118542,754260,405168,317781,0.23723066105839397,eumjN0fEpE,shkdUf0VeL
409,13820,325199,751830,245178,71881,875990,585481,0.15210542430440122,g8PL2qaXkE,xiVyAsBRUb
410,248433,796241,9751,481905,26818,249585,734024,0.6083892902574687,Go8DG713G3,qQcy7g6m7X
411,399076,312905,637236,678534,343839,147144,380257,0.01084579146031961,fepLpjDIyA,qc9wIMJqmt
412,198106,65259,752814,796889,806187,646725,547647,0.9037006893222657,mpMZIXMtMV,b5DGby8zNU
413,991266,876528,747966,724355,694938,674198,378841,0.10410167681014315,bZPERhAk6m,YRKuDCDVRC
414,391222,561458,141653,198606,92804,245826,539963,0.5144684480334164,GkbqeSpPOG,oxo6rDPaKv
415,966660,141440,66870,417721,603080,748713,833262,0.16681017434195822,Jqlb3MNLd1,D9oGzMBQrg
416,340579,774148,716676,630862,762472,577801,900556,0.06591339631460502,ulHpbO6dzv,WBss8ZUgdL
417,624420,79285,625301,803719,609740,48552,199391,0.5629293468148348,pWWxOGzTFn,yUEG7LBCxy
418,725343,593051,942084,207208,758449,911553,575396,0.46539094192887964,Q8EXVg5sQS,7iGLvUyOr3
419,341370,586634,284543,626930,405255,489417,433071,0.3718539717947923,DPPoctyhUm,peLbu0nBxd
420,896724,130751,656921,394715,272307,907221,103929,0.750583272327032,2eEIRrUeEu,rZXiYaaBZV
421,816918,726214,5205,833215,885700,142602,207358,0.99814275879348,G2YjAJV0cL,5ksbFwYrMm
422,554508,824743,816234,34054,967273,492635,735662,0.9615066132881518,D3OQCHpH1x,bM04Qr0ng4
423,232013,238837,947951,546821,933994,586810,926242,0.29492166555724975,fWfN9COZhD,YP9IgRiZk5
424,566272,47173,671632,622386,472888,457579,720501,0.11571095549405319,brcNsUkqdh,qAUL4qt4LK
425,529166,818107,208065,122358,238885,259163,136954,0.533828450104173,LBAOYbdp7u,Wyy03IfZRb
426,805354,983665,216828,781049,531152,547141,799888,0.3125827378898852,NIO9EThxb1,03b0NoXyB2
427,460233,248735,594570,744085,19029,716383,682770,0.06477552468239489,oRkR1uw0BL,pwowhELEAx
428,923978,929517,18948,736824,411664,475965,434409,0.31084219192512397,byaQA940Xy,Jpe4ExBaFK
429,40098,312407,96793,169832,385361,360688,197996,0.8248886093780645,rTUP5BVN9B,9kvV6j4ikF
430,121781,630139,562376,296091,40235,300358,90622,0.1842000033787793,d3BLWeYyYO,iNI86R1VRO
431,96152,126488,352724,839986,217830,382178,971862,0.47913248256565744,I8ZqaxwiUx,JTw4qhm0QN
432,300046,977727,485845,766720,772179,982243,86652,0.8221247508131797,9PhRq762Xn,V5mMmoM4N6
433,322067,636512,950302,178284,210761,510736,367452,0.3045232325338191,BT1U8j8kyk,bTrU9WoY35
434,914584,958830,80580,983380,810725,908176,350291,0.0844559640847431,ESp6URL7wQ,s1avoZwVs5
435,300162,840596,982772,724166,339293,250676,370294,0.8713709699925243,eeHdwdMZZU,2EWNaVJYs0
436,433546,356419,657383,615032,273728,507984,244089,0.5258113339538918,7ceVjxFKuZ,SZqwtQqeN9
437,870902,322846,141107,692048,986501,160641,814728,0.08164491645140826,KjgZHYEGkI,zR98sQ9Y8C
438,734710,876703,624920,890513,50732,236193,80356,0.36712219626105524,nKPPnbyXni,4UTuhxnpNR
439,721119,345243,168420,787071,380812,519755,149921,0.9528205376034934,9dRegh1kIN,rNk3p1otKJ
440,336486,294280,499335,432855,304010,921077,546626,0.9942026775568876,25or0tgczI,QUfhFI37Zi
441,42283,879611,822788,307346,886142,230477,582988,0.25592886321585395,3R0hawnsAL,P7nAFBSAYl
442,117312,532816,8706,719959,409410,565457,80561,0.3006769563547559,qW0XsZzIGG,DHRfT3wA2x
443,719189,373552,360422,563491,688968,61310,417727,0.1439083771100107,sCPMXMYUO9,Sjw9I3jjtF
444,648177,227631,699657,60317,58577,851536,86284,0.6447758474311068,lWLRSn4Ty9,OFv5t2gxVv
445,720706,974665,37581,35763,595330,607478,925422,0.9847174219978102,Ye4m2o4JZ4,Cgx3mTH7tG
446,103885,258915,795875,994003,554907,272582,597790,0.6320050086539952,Dts2EugSKq,9DNBbOgpjn
447,36353,965873,64288,69345,11418,171417,943589,0.16647072826218556,DasSuAyET8,jmN8l4Yj8n
448,693916,978411,494184,454112,430856,625405,413833,0.09041262568930108,ROrf41KI7B,TpyhhSGuTr
449,193683,911120,519185,349266,349051,101283,897339,0.6439142653454143,S49zANZG07,GakuTw04Op
450,246314,958022,319467,713689,548942,633361,393949,0.216281490866293,FBVIWNKdxD,AaU3XVFlRB
451,844181,24432,818559,529328,871404,639294,193934,0.056236800404973364,i4E3vQ8M2F,iOejKMntSb
452,906079,254173,520275,432925,898663,813878,863329,0.36875940029892706,cwv9IWYg8P,TpbuDhxQxJ
453,153450,560965,738904,973729,372549,829901,542819,0.18499489661136637,L1PnmVrT8C,SPQGIwcH2X
454,43968,558845,111470,908172,159309,584697,64357,0.13286882478357653,hFlUhFtdoG,l6vtuI9Bf1
455,588704,939765,107894,696465,145818,425755,113998,0.7570957413190887,bOGnWS2wD3,KrOpiH5BpJ
456,125085,73072,401480,474274,190439,171248,799353,0.13061917896717423,0DbWw9XXyM,DvQVRTP0du
457,410175,379792,759279,30021,277467,379167,292887,0.3779421173064397,fPs2xquMvB,kcUoVskkUL
458,52123,728567,496314,551860,988608,467580,391480,0.6063176574325312,Q9dB8UlKYG,ACj6mO1o7T
459,261867,123204,77034,663075,197677,121163,298631,0.7113773043858517,JnwGfCtG7j,iuF3gRdvc7
460,80629,48052,157217,332369,29088,131798,197429,0.797025504092936,aN9frATaJW,LpbGRa9YQd
461,303417,182739,605760,27302,986463,577383,609960,0.3070076210449916,RmIh6OGhJd,bfXT0oSWGG
462,40866,679088,136011,991713,298133,555004,822149,0.7357015410163608,0c3VIxsmTe,bRlhA2OdoO
463,174808,47243,11680,6637,847306,473632,613378,0.9442548154746362,yx8BWDIzx0,VsYRPlvlDP
464,705086,169133,160246,110099,992868,606786,510556,0.9274033344939817,YVbNmROMZA,3MOrXjOxAi
465,557183,526813,357399,790819,272817,662183,851959,0.2539783982456305,fe4KVLdYAR,009hJlrmEG
466,7015,753350,48052,22868,193663,661480,737476,0.37029387967847427,m4nOdlbT97,0GphBook7M
467,326443,201138,528951,474251,596226,668804,778345,0.7980139593885076,7YCtwXkOUc,foM5oMwOpL
468,864907,449203,616244,228778,370127,365686,819691,0.5993577820949096,9WPz9VGMFa,o4dTKz1f37
469,478778,589844,671260,337918,303237,586490,561431,0.0637434042115681,TuJtl8Kr2C,8LCILVzdZs
470,959017,514453,242881,297999,15408,145194,506701,0.838152529602919,vR2MKYv2NR,FMQfOjT2g3
471,469176,962276,171264,35455,131013,651129,707113,0.33518555840820585,6N9oVXq1JZ,F8FDnxsA3N
472,788755,489911,490411,505527,386464,441735,981596,0.9714111613733577,VgLI0itNaF,pqtB2uM0s8
473,446780,296037,180468,550058,901989,637219,760066,0.1783275076065287,WmSu8P0KpO,HmfCHkk7WY
474,676385,76197,624516,794275,180149,447534,707314,0.5779413916941657,0iABjlBB34,344jpkf3ss
475,349544,131563,971248,439091,273257,144412,263683,0.6573621558805477,B02ieZAViZ,0qZBSGBSud
476,920643,599513,411421,379695,268521,629114,586931,0.37682932774839195,Y0cCfssjb3,NaGdDOv1WL
477,674273,85109,831154,361026,954468,719499,148751,0.7313851992100149,cmlIO9tJ7o,eFqpKEjxrD
478,183674,512711,960154,249225,588595,176231,126987,0.09860262324544389,5b0681Z07k,ZT88j7XC5q
479,667151,659554,32445,168660,802143,817585,398685,0.022797907257746775,Jyij04prIi,HDLuBcnGqG
480,308453,338437,596734,53560,516393,866121,893194,0.7052706703693182,Op2aGZUIdV,kb3bPnZOPc
481,752428,88768,386498,861834,641842,229982,695429,0.19875868983287948,vqODF2L0rH,QhKRo5gWyV
482,153970,900826,986112,746324,818112,343257,13706,0.9779865590734468,KBZRJsp0jq,C6dn2tSK4j
483,939973,159552,222664,773850,606567,65716,228835,0.8543856973948902,OgLfZVhtfR,raDShkYDh0
484,222631,947653,526324,111908,85744,527399,199771,0.18461952510188984,MzQlGQ6RoF,crFurv33qZ
485,636182,29925,536535,351936,609106,233950,375788,0.9829060062257637,MwnmUWFm7N,54Zh0rsmtZ
486,804414,50723,767307,892023,501512,812279,925593,0.85323093827279,bfudxtXMpd,9LodJEtBeq
487,243931,248891,953007,454769,858811,147640,952137,0.3011928861446649,PlxmZFly3X,PW2LpDMuhc
488,913916,395901,15071,49699,571352,61203,429125,0.023305267908437233,hZrW8GZ86r,BiJr9PnlYS
489,132963,256551,405627,674398,42015,553094,309851,0.7195337217063931,UlBhK70g2i,5KgUsPLN0k
490,679805,392717,739452,795963,459228,891023,918605,0.661847638125446,mXdGquJN1t,lG72ew7rSj
491,845231,192028,328643,414964,786430,879738,688422,0.0375977095141834,XmbUY6RTCj,QfwbPBXC0a
492,887693,452609,837288,811015,741073,607948,342601,0.9186724149416887,4M4cqNB30O,Ms8NduzeFb
493,624243,376265,241497,650192,973441,633348,75143,0.6187192492164241,iFnybdqx8W,0l6lbbRKq2
494,382789,10292,988204,954339,392301,425134,634885,0.5815304148173513,FRZYIBV8wI,rOegNyGVeA
495,272513,640186,30923,867393,249807,463014,884724,0.328017571874597,GZ1qBpSs3L,ZcRSum5e6Z
496,813440,365515,307118,821173,118648,500584,3222,0.18987185147493646,cK1HdWfbzT,MQd9xDaRIo
497,42643,678405,998942,30183,931522,845555,711754,0.48618365964244736,pQsa0nZuSm,lf0bL7sjSA
498,257431,667786,809977,834878,136155,745929,291570,0.6555159621201802,50AMvfHmM9,ddOgs2tWVL
499,126634,688474,461326,994626,486170,64640,684867,0.6022148908032483,x4gPtrJbH9,7tpLM0uVyW
500,333706,20165,920129,639744,904719,592417,68505,0.23784479187503027,LbRwuqF1ZN,eLnmChj9kU
501,928975,624856,113709,606003,246065,59425,591324,0.2847112800596069,GqeLZTVsNp,zpcDqDEVGv
502,549248,95748,737537,717390,667716,524514,458243,0.16968597584012812,JaobzLUsce,wTevSe86KW
503,368543,465088,279506,991069,534917,90913,836808,0.8743592559158831,mqmiZvHucJ,fx0dVQPEaf
504,132258,79008,590364,262003,288702,554815,193582,0.5907129737935111,ysyseL4MZ0,ylClgIS6pH
505,839422,4085,465492,454499,399112,563173,868703,0.08125918127125475,ZlKQJClYwA,I0NPjJoNNx
506,54087,415386,32358,891844,181652,723493,444307,0.9934081471360785,o4Izi6ACTH,wVGSlCEJLU
507,7727,114976,789316,592130,740630,649373,559907,0.5267167850852258,MkgTNRt6yw,9iLMjuvEyg
508,489680,227197,470681,845514,823119,934253,665053,0.4944664697568837,AG5E3dSBTt,7Vwe1QeBhP
509,10710,668801,724280,591371,140438,209537,394638,0.8299019643627803,MR3oRrFJGJ,lk29vt1DoB
510,582733,295083,379684,138618,777233,392943,347496,0.762106069708909,QwZ2SiPm0P,Vn8tukEtTX
511,385277,818467,264038,682749,548151,919159,826518,0.5207353915722942,sfgV3pJG7e,zwIMF37g3h
512,592366,569104,282055,922348,581640,758428,160426,0.022794553065914158,7j6m2xEVr7,In1UGQKFCK
513,265997,966486,658134,415790,544048,608212,118958,0.8781855814594667,e2nVgWYz2g,MPXcIHF68W
514,879043,638513,499523,950723,963142,201440,187829,0.8870500789191078,5t8l3Mjt6V,hb5IAFXhvM
515,3098,50641,428151,903577,29009,589935,386884,0.6310225480491489,VAfh99spkG,zKu8dWgRti
516,677342,616944,714853,64284,334392,310067,862731,0.34632315166169536,zLd6SVIn5i,6Sxlf4EtSt
517,614311,78101,220840,928031,871297,130492,958004,0.32765154234823224,TYi3mzD1cf,6FTvv44Ymk
518,37403,689933,103520,551279,553378,884396,667462,0.04411107667076841,6KVHfm6uAC,T7jZola5B2
519,316070,801753,481303,567452,531989,808401,610578,0.9883742348939246,RxtKuRo7P6,HGjWkceIud
520,862927,665105,766376,123748,807997,250360,856306,0.27963528581468555,ESlyZeuMEN,cnU4zmLFTa
521,474943,795937,690153,256577,269522,795260,284658,0.08422257507672548,kcLXeft3oz,84HFlG1Gd2
522,474057,129985,50430,685872,755561,538236,786256,0.06770435023901067,MgoNsfr7dQ,foRXvEhkl6
523,95094,924257,179219,487273,696943,656929,162920,0.2564213240976594,6FkilYHBCF,KkJXIHNJN0
524,171630,309149,215051,556342,874257,341163,584626,0.27168751588288365,V5UHkE4SxE,axTakY6iCk
525,488240,243585,763293,757955,971455,577983,601335,0.5932948629969412,oW0TAK6RHF,LzRnWcupC2
526,36566,12756,835927,297338,273481,198295,261747,0.8703906041790715,I0VEw3ovwP,WMN2eSRbT2
527,68115,396756,203292,162466,380473,400389,446690,0.8182690754041393,GmiFIeIKIM,Lrc8hGVci9
528,353008,965886,75749,8300,502178,566967,773898,0.4888811613675994,uxLEhuAigL,n9ekhCdLZf
529,572546,684905,884301,551895,882371,230545,802973,0.203245544437482,PEbK7G8wH5,llnXsfu1ES
530,193070,577265,975316,870562,554300,784985,715697,0.03987674916416861,okxm8jPptl,A5tU6thao4
531,405366,901857,457069,270149,916779,111933,827208,0.05710009510548231,7SlOJZcCv6,pXmA6AujKc
532,277180,34127,795701,289596,504940,699744,622657,0.5804357105933896,YahwG1M55e,X7PxbRFOvc
533,543008,552042,6052,807449,672319,604336,708074,0.11961933779752498,5NBg8vtMuZ,RgmV5awWIe
534,773492,794013,466861,160808,503677,914625,244373,0.5857572708379668,moXrTnGE6B,KfLjY1tSG8
535,525207,928298,930728,770085,892325,347544,223404,0.3404493994555866,dj1fg0JTQb,FW9GhOrifX
536,628357,800918,516373,372501,465518,537118,30240,0.21904639971176731,hVCigHZbN8,EZOWRJTAZK
537,711772,343777,696622,593910,625837,239166,664925,0.2572769818349322,m5CDGuQrHz,oL5zKeibYi
538,632465,788370,480793,685793,583140,403694,537514,0.49189853577151477,Qlwpu1P8To,ISf5W0zcdL
539,641388,991436,916626,883182,191445,715493,183453,0.7186610861553813,df1slQ8bFY,9I7dBzXMOh
540,14960,906859,900791,588184,819105,636268,842482,0.2573741676383029,hKu8GGcckL,h74JhXygN9
541,548486,909096,56783,676673,830677,446621,526910,0.8246676404146989,x9KYVneAIJ,C90bqBkBXQ
542,663447,800440,600844,535592,679135,753250,683812,0.4171291739249,4F71sDd3Ma,amjf79gT7L
543,765181,958501,50722,839213,991458,616194,448715,0.44792625245378326,nMANRqmHAF,QaLtUlCeGF
544,683983,32626,988404,872385,552434,818197,577342,0.4275366379000173,VsVXbxGkSx,i1pi6qTzWp
545,524967,706155,424385,654362,37607,442100,924527,0.6748762776131643,UXUqfC7YCv,AvMQG8sHBZ
546,775405,482765,795249,77989,643154,337447,941026,0.6070185771294949,Mblci4hA8j,7dfj0SIPui
547,223188,323773,432778,124853,879937,131325,122095,0.34115886499708625,xCwaU4h6O3,WXJ0MEGPT7
548,197280,897089,946619,477840,861133,168952,660937,0.2177465431437502,rtNdoA48dk,NvSpvIQPXX
549,209569,870054,759864,373880,491186,707563,544111,0.7804549256557164,R2WDVnqvRg,DHIeYGKpxZ
550,180540,181361,170947,889857,254701,504843,952839,0.4942377945794314,ZIAd3XflTx,1eoctJi6UP
551,94651,824133,724233,617199,924970,663259,81863,0.26314213379392914,kTeMqzfJFc,TMKDyOGqZG
552,702516,322957,869364,497390,491855,750983,628979,0.5977268296231154,GblWXiJKFQ,vA8fpJgWID
553,23215,466694,631459,991666,931808,507015,7553,0.46638956713318125,bWtSW4Hs7P,5lGN4uU02w
554,72994,450913,692695,618279,768047,521444,111667,0.26569077623818116,gAHm6m5sG5,c83y6Hosom
555,574188,863764,675299,474569,827255,49387,969418,0.5467263919659257,7zIyNOPd3v,kGWoPqEyFy
556,283443,686159,215256,237841,445533,997282,804578,0.5993167250185846,RX8XllimmN,iUGDBgQZPU
557,417179,753480,743855,37235,165426,876572,612019,0.3843050742976628,2s6zz6Rzau,ELrYUsM49F
558,455761,642838,245804,609592,411798,528375,899188,0.880008980655077,5bqmTPlQUR,G1sTVCXE7Q
559,414156,626833,841216,175324,253132,653539,530509,0.47121489187306154,aCUrA2BwbU,g4fltTKahR
560,380196,170291,379811,407008,623339,865307,362104,0.3015165304939491,wvtmB9SJF3,uMa3zvsLaK
561,272488,967197,732612,199165,530673,480630,759227,0.33760530899777874,HWtkKyK6aR,liFrpN4sYx
562,438163,275842,28134,255876,93541,817800,477456,0.28683487380648,OlmCTX8wch,7ngzcyXK09
563,949346,548321,480844,994767,125479,830851,765714,0.9517716092989196,4Sl7f1oqbk,ZCVe2Uw5yX
564,201611,982706,231048,900245,422664,765520,246771,0.39898387180678696,3B7c4XiwoY,DNcQMe8GtM
565,480190,628535,164681,85243,724647,802302,921487,0.22288039654459224,Y0L7byQ1vO,5E5EJOqe3Q
566,638778,605172,223412,715640,224598,818341,164630,0.09736214570482948,S8roRkUbsr,JTN5CN3LDR
567,982568,694015,566525,969177,696180,695380,70688,0.5692926263096473,VOcbIi1bPN,EQYPNywW0m
568,362596,540960,659473,346404,111456,855984,796254,0.3419701863423502,YsUTUmXeYS,Erbn5mnbJU
569,57969,280707,967721,296696,22988,237545,735112,0.1613089769556908,cHAjNP7PlT,yTgyd9kT8f
570,185082,53795,740883,188275,86063,138520,819272,0.040272018175527835,ymH26jk1ok,z6WLicF8ZJ
571,481584,634792,35646,366230,598490,12709,977642,0.4046400452723159,80T3e8jJan,TnTHAmnmeG
572,594105,979369,550888,639813,671787,36383,348618,0.6327765383340512,KSoWdDPQdO,fZpTpwJWVk
573,445357,351424,342435,639860,78083,479439,172400,0.37654320055473856,iulRPpF1Tl,clo9CRxjU6
574,326857,474077,4271,139975,773843,729649,533611,0.11032545305735386,82ppD2E8fx,o3lUlTaphH
575,749013,69350,678650,542469,752019,415214,519930,0.3637611034885265,EPG6zCe7rk,JaefB08LYU
576,705006,158613,125265,700435,860978,475376,180191,0.9939986686809554,8OVZNDW28l,GJ3sc2dFmJ
577,935900,486955,710783,488616,212018,362484,96469,0.13314262770484786,Nafjwan1HB,vnFBsdDBsq
578,336039,116617,650657,546106,862209,641133,690858,0.614598551919692,1lnW3RHtCQ,QOAyLGCJyy
579,293469,737853,647538,773561,703723,348113,171685,0.829758728721811,qvNnzwqI4T,GMKoIkQhg4
580,297470,495874,36182,229534,64395,429498,122178,0.36749523596153977,qpfYxLkFLk,pTxwwkeoq1
581,889081,525020,780935,385659,516702,565597,394582,0.9926730910738429,DsH3CbrQ1E,MIjeVJtxTF
582,736684,321113,542885,706369,829694,542453,228083,0.8155441523609309,B7aE4iFad1,hwiQE2u5yK
583,558257,898941,410278,676141,398577,370168,444382,0.9743696970894763,6M5evi69vy,M5udh0tvw1
584,15129,755131,336952,359110,851001,196432,30821,0.07137842366662106,6GH7V3XrYv,5mSxgS7R7Y
585,958882,480798,973779,889699,612810,190196,18431,0.4117509189077925,br60UmdMiS,sKHfjk3SdV
586,79328,818260,627892,303227,514351,372696,865507,0.9518093096382474,GOWnB20rUP,dDq6VR0YQM
587,654573,966745,469972,615122,688658,452953,368639,0.5276705644538585,P8Do3Hz3Pp,Ds8JlCwiH6
588,121304,780683,45410,195218,398239,492522,116377,0.8703654799547986,eisqN0P9Ui,YEyNVujsUo
589,47483,134704,247311,579824,574527,16577,71515,0.6848250681867184,d8VNmkYqQN,XJ6Ms2fCwv
590,276215,206980,445776,139081,863798,902580,408113,0.05287164294719593,DMrVjo81OA,Bst33JDDvR
591,343450,510272,642792,720751,924896,613956,471348,0.7224131890012172,797VpmPWW0,I4boFkjqvy
592,730008,518494,283538,316122,372288,752503,539872,0.5823379195972879,1HD1vxr3xq,oJLXt07Qgb
593,466712,982778,497692,140493,10424,497479,777180,0.26353679675257013,h0f46W3ubs,mwu1JT39Gr
594,603517,930555,759552,69611,565655,866436,999517,0.6310515391842714,8zGiVGjU4k,EYKS5R0ePD
595,889954,953477,198420,458861,868269,267676,84373,0.8863776454860431,IFxwjLKdWN,CFzwVB7eW4
596,425119,828312,385958,286347,495703,223640,503721,0.8319143597514306,2nQCUPflvS,Tkm2yRgKoA
597,222645,67811,552239,675489,73117,985507,719691,0.6422864287302724,QdSFF5N5HR,MfUvLnLdkK
598,52416,889877,485529,609835,787064,793715,866986,0.47728336657077897,C4VarVYPUP,6ENFnBslqa
599,69210,650341,845740,232671,819593,938808,592001,0.1028843043721065,ub5Rcp2kYI,fLK3RWZ65E
600,5539,112009,340116,846200,927648,253034,238958,0.6383309336497707,S2qhtMSFVW,80PovULiOh
601,629293,155880,61370,906477,130218,216071,711537,0.7619987758702322,x5ZJBIPGLf,adx3vv5xQ0
602,900557,666704,665582,857085,458200,57093,402404,0.810261822004352,XBurawQ7IP,BfLHZ7p5QL
603,83251,435421,827619,741651,327067,91958,258094,0.872378035831119,5ArCL5dyW7,A8PKp0aB1G
604,422027,990994,291090,555563,542904,578199,320531,0.9877284947210838,nCbtVNxCzE,R2GKAxeCPp
605,794791,445565,30434,970802,997229,385593,315318,0.5488689435017063,TUQRXZUNCd,0sXFkIDP8v
606,892944,270095,48447,983207,308430,887140,239978,0.8797459312097243,Wkhe6UeVwq,WKl1XDj2Ma
607,194504,559812,916635,605309,922663,961890,8354,0.6268997871188449,eMHAYVDc3q,NuP9bxcKXj
608,830599,187033,468911,863737,17247,998551,237511,0.8735689219904147,akzYh05FHL,DNls6DDfCp
609,757092,508904,135075,355334,261456,49911,638948,0.6135759210409214,pmnCmT6epy,CysM0uGMVo
610,979888,707233,183551,481933,514879,411383,452363,0.2866990153730631,FAvbg5Fiwn,WUcLcbBLbf
611,413424,483881,130351,577995,489416,931402,927043,0.41724380046860565,4jB5JJXPdI,TLfooilog1
612,795021,774260,912395,826555,486042,824569,816323,0.5669168424219287,Ylzon0Mb6s,tdmpSoQtpN
613,4672,358749,824911,617517,957217,439530,920029,0.600360161840057,5XoQ1fzYCI,Se65u7HSaI
614,432157,691489,988814,206676,769501,985686,634166,0.8391857698943651,Ycdap2X781,zYp18vmRmX
615,890459,527872,152300,210852,95792,295351,854569,0.3451630976658462,eljFGYPkXS,0XZHHSQgKh
616,577317,264523,864386,378623,280754,34584,956433,0.15178270894251855,rUsNgCUVRv,srShnwDL4z
617,979229,137711,725051,232570,808200,696549,311719,0.548829511280501,IzthsUSBGc,9QdmxOMCCi
618,173827,690871,449108,392561,900667,898336,112716,0.4283514064505217,7uOeYitXaR,TMHsq7vkSe
619,944282,966398,273629,249206,702223,18229,653821,0.21484338578965378,wOlIIwt29K,GZiF7NxrX9
620,226111,40794,945996,674189,165904,617630,824356,0.7878006583015139,EM5Tg0sJ5J,qyaMGWTNmM
621,268203,383578,566706,696784,990086,166659,602814,0.8759813306889999,V2aWEwTMYv,Km5AVXuOjk
622,410585,554788,127156,459884,687322,238891,941374,0.1274184271082791,jYw2Hk7uav,Q8hhnz9VZt
623,66739,595498,647912,113997,968355,749462,499046,0.5877670004871113,3TlcxvXkEI,JthVfnhsRb
624,355182,46231,343752,773276,309923,471897,568738,0.22303133126658847,WdDo5twWYb,gfP2ae4sp3
625,585895,698868,228140,539446,697066,391136,559656,0.5504824310757659,Slf13EjXwF,9PK1JEEwyv
626,934207,315431,50691,168607,642966,241062,792526,0.32706954550637257,p17uGBPBcp,0OwPh9017F
627,723616,283192,891100,224551,349365,476841,938230,0.4355890879068929,4U838knWyH,8rwno175wY
628,881065,670469,259977,901024,450796,150193,265045,0.7138470262822171,MgyZkNkPmV,0Lfun5aE6Y
629,33595,683159,47882,238441,731034,321338,271894,0.8114727556478798,ONINpbXkIy,N9lrhqUx0B
630,754261,616648,809439,640344,453208,984162,727459,0.11226097288244363,MAIscIWgCe,d2e2xh07yf
631,395847,107843,522625,800586,744450,350207,89353,0.37071600566693275,5x56KnuRLZ,CpXvLKzngL
632,640624,970545,42987,28031,150384,797445,523538,0.685952996688116,6CCxNiHjlI,ivBjctsnJS
633,400420,874048,89705,801580,187420,332539,57430,0.568950574597612,A7EanlWeQF,kzs3fsTlYi
634,602871,776709,679936,218835,637044,469372,240674,0.7278699475695889,UU8KOfntVu,rZcUXWlYgn
635,80860,378739,395780,711368,766022,630293,521510,0.5402066377563635,fJDET7EMI5,pmNZyquEYw
636,714792,57979,763035,169984,866075,217369,289294,0.007878395642068603,iiK8Bg0S9e,OugT8G6SXJ
637,744767,240442,305603,734021,665594,725329,300015,0.3529465788855636,THv3Y6h9cK,qXBaiFPWQY
638,665945,549790,76639,601009,679826,159577,391867,0.5687776923326086,71bsD983ep,vYoQF9yo8u
639,453594,325129,26760,191202,599010,444720,921317,0.6752324981874288,4BTRYxi9WG,q0uxxMd9hV
640,762803,493684,517693,78068,344831,412401,281811,0.2820363386550444,10e7hD2b2e,gD4UKxF4pB
641,183821,735430,917795,779546,117500,476932,39643,0.9047021185253511,BOhPe77Mmv,9LO8ihOrCu
642,648838,208224,242891,36532,738667,911628,119050,0.18388417111757238,2yJFgv2SFL,XHV5ZQYdFx
643,196991,925509,100145,303783,330807,233329,81034,0.8860001070353063,SbJzq08ZTF,wdMy1c7eyu
644,872747,251118,89037,1913,524666,822171,148529,0.0874583628265454,hIl5LiYsSo,CkGDMSB0c8
645,459359,76449,690587,382146,919797,878996,399905,0.9681483585753756,syRYNo0ZMw,8WbFcCjqwB
646,438838,841144,255601,42695,955784,657816,18124,0.9025009939982799,GLMarFjLaP,75s6EmMNV8
647,170946,679260,412136,599614,919995,426668,706922,0.7351801290240978,6VwWGZ25nH,GkyDmo0baB
648,901434,410588,923289,728346,664875,138970,714427,0.19710719438216073,vcM9jZPEXy,pPjjqeyJ8v
649,262504,450177,997828,138053,199415,746075,793876,0.7875206574053211,qCnPwphu7J,kJLEGG8qqn
650,718852,614015,403590,666678,300982,89571,688785,0.027387019742623808,Q1G3iDKJrp,AazNxOX1th
651,419743,658814,323477,833245,570788,151096,730945,0.8867666649206124,gvYywSHUDq,dFUweH2jUA
652,755054,927248,520029,466381,643842,840039,155087,0.42531081829561057,8HJIQKM5Vu,hr0OUXTfpy
653,405794,274882,307770,267210,127173,455593,479591,0.6022341742567017,G5b6LlVnO5,L3MeziIPVk
654,979567,448039,237821,453773,98060,434421,323478,0.7687437342806583,vMx5IGYc6w,qtGfzSg9WT
655,650643,721014,924427,267515,413005,395573,414245,0.6594421154508654,4TKyplqRUO,0ff4NenwpK
656,458453,671319,417877,103427,24677,901180,628399,0.7338696830748425,X3Helz6Kqg,NYhH25yGnU
657,831448,160282,131712,974415,802882,472194,192451,0.6413220395504997,UcVRm6Qw06,OQdNlRXmQR
658,863757,667030,901290,411484,336271,757863,533149,0.9656733479494898,pLzuf7KAzZ,e6HHo4EMHM
659,659194,885764,928500,243541,772344,407567,765506,0.3800084223725797,oEQJnXhl0G,P9K7ynkeox
660,581230,615829,478407,154927,428850,158247,107975,0.28188155488383737,V6lN3EOnWN,6jiBFps6Sh
661,48815,933374,356289,749117,710900,579321,655434,0.4312823088788017,j7KBlCX9nm,BsDgyIsARt
662,889543,687108,631130,615259,234806,651240,915665,0.07217332756011363,Iup81QwXeG,rqji9E4m5k
663,179938,21347,556563,964537,910290,614592,219738,0.6115996512266629,XuadvDNdgl,Z6C2HxeyxA
664,245801,700199,269943,282931,560072,834143,123557,0.49259045882681185,ZlFpURkXuQ,RzRbtdG7xe
665,526313,772421,730933,88585,882725,828267,294196,0.899908526372328,TjUyqW5S4z,awaoM685zZ
666,157937,377710,520456,201416,633249,936544,810337,0.774068097287969,sLQRdNJIZ4,Txsa796mfc
667,716535,914315,379334,736674,210426,626594,407446,0.8549312312389746,EavE7YtJzF,s06eysVT1V
668,534254,622536,626689,663154,766725,289647,284872,0.9908319625887954,EU6HDnQAUp,z3Dx0mfPak
669,372248,493362,359862,814740,837601,930194,656337,0.9305655212474074,qJEVTmzDiy,skSJydPjSc
670,897342,611103,952726,277985,635652,692278,49102,0.5108550699996122,YywIqQ37sA,3ZJrI8rWeA
671,665078,400234,837018,701934,517004,943888,872413,0.1413694292846529,ZkG8wQXdoA,T2xQo45kvn
672,41017,982411,379895,186976,572274,390154,186492,0.3312706494622569,L3W8Fl9kIo,hReBFB7NLg
673,738671,747780,288019,135401,309886,997036,28377,0.7089046875485518,dtSRUPkvbC,vHRV35n4Z0
674,705605,317991,908063,683487,745708,57319,657699,0.6344054340732874,4JRGVkzMce,GXgqhCSKVn
675,911398,631742,987434,159849,569908,829502,617149,0.13669206745723572,pf1vu4Rwgq,4GaSSjKzgC
676,916936,716382,604876,845487,981543,567845,727859,0.9638466157125022,DjR28pyseO,fCHoW8OlhQ
677,972087,224947,386575,720087,764892,467494,469892,0.9440779029451151,58U9dycsud,0uCNjpGgbo
678,492496,742885,455285,395794,469535,934163,810117,0.032774288919423133,P4gPVdghff,wFmLl9ppqP
679,355903,845384,140066,275408,280291,278069,342783,0.5784819101117985,mi5Zu8Xkvf,64Mmv1VmTC
680,569234,179898,546671,255401,600697,822603,311344,0.5064679742265673,hkl50BMOK7,RFCWO3fSRr
681,183582,39205,894727,523774,97133,799123,181602,0.48765085237269234,U19C3drcez,BsFHxwBbVu
682,313145,369119,970213,755268,803191,665863,394055,0.06784821026537335,XSxfgnrQ7U,x7zZEjztOx
683,274203,417099,502639,761135,106812,785809,933034,0.6853881405376115,YlJe9QDbku,XRwYoy00Hm
684,207552,748950,367878,283036,932151,815028,24064,0.05780509949035717,E2ts9dSMTs,uzykp1JQIC
685,736213,615898,300793,171472,222038,131929,593767,0.6085885635254715,xTqznKkuOm,H0XnEmd4JY
686,347943,610649,792525,112884,286524,830244,628935,0.6929643454199298,7UGJRbJlNx,Ensq4Oqvk2
687,211148,798099,463757,341902,758816,609989,209313,0.305808174713462,kyZDeg6DAG,Z0di6IYinM
688,237984,466996,866504,935529,401169,759536,910398,0.7269186852647292,3xVVYrheVx,dJ3DJ7XGOZ
689,358210,275635,788116,312382,373025,752814,578680,0.8548127941680886,wtHD7zYc1B,LLxrwGF1GC
690,894270,210096,184921,312780,24622,196914,412726,0.8291887308443289,EEFl4k8c9R,QMaYw4xgw3
691,632001,186576,671911,35329,571618,220569,282073,0.23387135052737773,9H3Bo1ItO6,xzAEk5XXw8
692,147561,177174,34417,133093,732238,495811,993672,0.6555434534247022,uAKcpLe5zb,7rTbIIyro8
693,981887,363678,572118,81557,801056,609685,40725,0.7199537807910412,9CDwBmzsFU,3YRxoAolSe
694,394101,660953,800056,53039,68920,570009,278857,0.2761791581586932,pLsgUk4nhI,WbCuJ5xOvJ
695,15723,890236,227706,263241,876132,436324,383481,0.7433971376629814,i2bW6ieOLq,oIxbdORe5Z
696,258897,597334,988609,10640,967386,723508,458164,0.9288684061557051,cRGVIy7wgL,ZuUA28PxGi
697,176648,976529,969907,542583,660262,155095,283012,0.26075676390796987,eY6GUYarX2,vDKAJBwgUU
698,578110,23967,879152,949457,426590,198151,134618,0.5933658843327476,VqoakDGaWA,CnPRG7ryxh
699,269148,48602,272232,593909,845890,920463,308994,0.2513646599644246,Fobdg41bWM,HlA6AmbuGl
700,873794,997429,722414,582522,886131,872109,64104,0.032379054860543155,DmDtRUE6ZQ,9DZYe41EE6
701,855280,552085,770557,664128,740391,980427,894841,0.22697268406351423,yD6t2WsZeJ,v3NdZyPrTz
702,153984,211056,129103,4717,755495,418399,16532,0.8120904918185836,FScGO9NBSB,dqueHLroNu
703,989941,270342,806464,650317,278140,317558,839006,0.6804687290655675,9YpB6TcHvi,wd6FJ78UGh
704,181090,800676,795334,309742,567524,32264,542302,0.9835558114851849,T06cSGDfqj,CS4sHQ7vFG
705,119183,149844,377082,298538,157136,891995,851741,0.30143587992414667,tJRtAsRBiY,AiHTMHdZJc
706,545438,642738,508116,582773,716734,821920,311187,0.08298336465958889,8GuGHdpvwj,0go9T7A0s0
707,276840,616051,843377,620814,178526,560504,342764,0.214306156450771,CVR0IHPEzk,bn4GtJV3GG
708,19183,733654,713420,93283,105422,802612,270367,0.2172804761976872,DxysTFcepk,r1FVCQyvc3
709,109233,72393,499453,487871,438648,11335,588706,0.9836717836934785,XV0ASv67xU,EYQB6YzXsG
710,571544,661140,995477,275873,682639,435887,850590,0.9070084953114836,KncOCDZQ81,ZSnFQWjr1f
711,504439,389334,700622,406917,501853,972267,727884,0.7636638202940754,fQh8wsdRrz,6wom6dkbBn
712,27492,135598,991206,201922,279533,359593,295036,0.6014881113342023,3E5p2vgfpi,URqMmmEfzU
713,252962,918620,701895,694117,133978,229302,296842,0.4205596506136937,1gI4qVMAb9,C3IkTNRwrg
714,67061,151960,471841,541687,352670,152053,694142,0.10653989812366238,woJeqUDkNq,1ftRG13dOI
715,893546,748048,545028,646686,830053,423778,717729,0.9087129504825241,z3jSDacDYG,EAuvWKUkoK
716,698886,973734,542793,541764,930553,375947,379470,0.4039514593240454,SG9oqDcOAk,kanLqGIMs8
717,703452,547914,234883,732841,155730,298435,722108,0.21908443817790246,TvaWWuInY1,Ebm519IOde
718,389459,759570,760932,118733,119909,939870,723920,0.1634691102351593,Yoe47v6cui,JdWK6t7te4
719,152564,336866,60049,126173,735354,140359,280899,0.49110980767703605,VuNClnllNd,CBVCwZeAjH
720,400159,430806,224564,212773,707485,278475,735736,0.3182470183998394,wzOH5BzPRL,Ju2iC89c2P
721,257430,280217,706660,342228,372383,4939,977918,0.8521641061272766,OmZwbw4SE4,sXqOwARNR4
722,441210,515847,351374,693598,48446,173630,242773,0.29225109099591884,s61DNQOuyj,5eD1QqU65T
723,103726,146464,954921,854565,308796,899712,87459,0.11177850114987209,0TBWOkQz2O,aSHGBwKtJF
724,864307,879770,333754,550236,362149,280598,301586,0.8393226871312869,dX4JiazfeJ,sz3P4mgOIQ
725,973074,770860,638798,529179,183745,442423,262257,0.4999651050344176,BafyMU3FEk,arhwXW3GAg
726,265958,556874,510987,173773,792016,107357,565206,0.2377576796734513,m9MwuvpmD7,zQyGm9TUb5
727,492267,125627,289417,377264,995128,452834,895950,0.06426926825298263,Dhr8nM8ZmS,IOqenPm9Tz
728,697797,234962,459285,876367,120578,37005,386869,0.6339817080697541,RMzfjmWx3U,DRc2vn3hfL
729,224730,231483,490080,938228,868599,265533,659699,0.7514637038503205,oS5DeejfMS,U0WojGMHpq
730,342612,523315,103448,294274,474552,137544,701162,0.5632312278765165,sZWwLsuIlI,WqvdTUSDbt
731,553165,84979,774533,638358,656175,615189,256745,0.07827442514187899,TiqAFPWD9J,H6xbLdPJoK
732,1421,59692,941516,431152,337920,897695,932401,0.4166260715622182,BfUPTFm1NB,GbdB0ROzSO
733,886205,500931,149313,533668,965064,164486,502896,0.6128276000751459,fMrhs0WZYs,EHls3DsZHL
734,165465,950208,601288,568049,138019,159252,664215,0.898089937134758,gI0hQbKxBx,Q98LC1t00K
735,810132,787299,828258,253264,536341,569403,29735,0.36253330860713195,zcuuovAxYX,IVV5FOrKQj
736,785966,581699,74075,481063,874364,54981,663746,0.15384253959209349,auKJBMhHZb,M8LvkBbIPq
737,381291,535960,153684,901603,165561,208652,544002,0.7808011960616047,CKnpI7Ag6w,1JriDzh0U6
738,655623,978055,238048,498127,587645,48589,146742,0.2386712884925608,8u4FNt852B,BI4QcXHniN
739,851934,715732,630205,842571,140099,119157,632368,0.9671893098046402,eL4EA3Zzhl,JQCRNQoHBQ
740,296070,64283,670573,741229,772333,236736,7150,0.4972666816626943,DWfYx1jvVW,T1XI9jVZlq
741,117192,108228,663140,434408,857218,814021,30058,0.8520365297058904,C0u0E1UiVx,y371BxNACb
742,317080,90752,353632,143424,622068,920806,534020,0.5145097587612569,oUlwpj9sTV,cYcXNoywTM
743,216194,619169,670729,380052,503336,447188,419187,0.6387805247617662,1xvYpoHeyI,iFoCV32Lfw
744,517235,831312,614746,937974,650815,292211,378814,0.9683153334793675,yp4zThK1nh,BVmxKGlR7c
745,303604,608981,626278,51843,742123,707650,408001,0.7123257494400748,nvrs9N3KVc,lFr3zyHuwm
746,123285,92025,325262,732327,283928,981810,100706,0.7135360658499914,CwYRyip9pz,j0fYfx8IDX
747,100986,686131,79280,959878,164160,893104,335267,0.6301536911081332,TBP8kqZ1LD,TjxgImmScG
748,202068,816016,945347,895308,140457,81193,790010,0.05768472736431074,ZZMCu6HnIN,Jug37E00TW
749,878754,136269,404774,812237,729088,918753,182253,0.1332493262410651,a3vJZHon6t,HCqZCNCaz7
750,291796,977444,613846,179758,927412,436681,475592,0.35242628023092903,eUvSl61rOP,zkJ1PJIt6W
751,175111,832919,534047,80684,186330,561755,529167,0.713464835328806,q4erSISvSQ,sZvyn5xj4o
752,223825,512180,713423,175160,47983,633683,800611,0.5263610166298069,MNePEdXeg9,TcbEfltfOG
753,905348,83660,892427,100005,366896,324153,366112,0.07644610358026127,3USvylPQPE,z1Ipi0w2eQ
754,505036,173626,19481,622070,45065,749964,47508,0.10539364860675149,hoxA5wenbE,8BewnGU3h9
755,632734,467720,242278,773482,401744,84365,231083,0.03757077135878373,NdBO0YObJl,qGPSdfkQOx
756,36957,802810,932034,864720,934457,625798,193927,0.9743365249957672,oTN0X8rwIy,GIzgKw9r5a
757,235538,302956,476419,74195,958268,209974,910828,0.8001115469637498,9JTb9DjXa6,3NRHAnib14
758,694810,807747,596397,677655,780257,311238,466815,0.19428526761825804,u6Hu9GKh6z,I6inUrhtOu
759,525224,942269,969876,628198,610320,17724,357020,0.6431052888579467,8aYx1lOTEd,cFTlO06WqY
760,927697,869432,151017,460647,267956,784213,418745,0.523350974735907,V8WNzMwe0A,0DTECFfnFN
761,26732,511435,609722,963714,219505,852777,169877,0.19134170634531067,UfU91eRHCc,MHbjQ9OyR2
762,458709,452186,209236,327061,347700,632518,246339,0.8461908776967757,2NOQYWe2YE,Nkm1pRotTU
763,704934,208454,958539,800611,122426,108018,66440,0.5750558062504796,5p6U1q5hKs,IJrBbb87qO
764,852208,369709,677468,149400,381443,51542,360911,0.08392552761334382,P0Bm2rICdy,iDMVBWTsuo
765,122528,515680,694032,142687,695411,199526,474538,0.7617631069245809,ch0U1uQmic,TVY8hd9B4c
766,467951,471095,313645,179482,570430,63405,72511,0.3751233950373879,0saWvyH8b5,j6B1PWLh9S
767,12074,550074,785859,790355,40710,510652,952564,0.0598891424279715,TqibrrkxPN,8aXuTlkZ2u
768,125703,678534,215686,986547,9081,94886,507320,0.18913646755910807,eXw6kuHKtc,ra7HJDAsBZ
769,141611,368402,208364,43195,887503,470296,440597,0.7527562687988648,CeYXv3JtWe,aA0G7KIsP4
770,107891,654333,789718,78149,835744,756234,235002,0.4015416243143711,5uNbgO50Bb,mLcpYO5pXq
771,179699,218123,364291,785919,972522,605165,583808,0.3599028044804309,Pkdx1JhOEK,RgbGqLLqK8
772,259555,164132,265585,263687,340220,492015,392462,0.5406748789381731,bzFSzXHi2q,NifvEk9igG
773,585092,651560,590492,59971,37930,168783,491834,0.5455880239393249,HxSihDeG11,q1i05JbC74
774,494451,118843,49810,833228,780229,432445,15438,0.8622630609887774,vwBcShNU4d,jwFrX32ljM
775,967594,501811,621201,512262,604183,737882,629984,0.7132163157737439,2PHIveeYwg,Iq1pYbflKq
776,105788,383385,453613,331454,382006,73147,315646,0.7092026197327016,gzTzndiWLh,n6KUIcRm1Y
777,989556,988053,310956,865788,446527,625746,843055,0.09026616067799276,B8gcJXlVKn,thUSp5ATaI
778,245064,307660,174541,975721,454749,332723,395164,0.6623974339549533,JDyyl6R6qN,s2iaXQ94qB
779,811364,951183,552230,541168,353805,534260,125238,0.45981200579993353,LD7wPOydDM,OHVSzLjRMa
780,53588,934116,733935,631063,789002,506927,736706,0.9396215825414134,sSmz3Asuum,Zyv99amiud
781,360217,448687,406440,515907,145206,934467,269578,0.11192998934293374,UOC9XNV2eA,JNEz9sEsvz
782,917113,922741,430041,338496,287785,47083,840772,0.5778242990957583,4nIxf03cx3,i1yEwjMBbN
783,916807,493284,676975,817190,905144,691801,519672,0.7608589646399132,LFan1OHWI2,vQeMwlIWIA
784,105794,533609,994801,180448,871693,564391,528024,0.2860422904374589,J6CUpFICvG,8RtG8VbPLV
785,918882,423737,172648,650200,8719,835513,688670,0.6748437680963963,3ssqBf99F4,4aNip2LMXZ
786,605685,508276,996896,984304,346387,273135,516571,0.1589346080159728,P4HmmD1OFs,0gwsDBUvET
787,163658,989609,334319,486530,460203,30448,776038,0.6602134240504476,bXMDjD3MUE,sUH45jq4zc
788,483495,367347,912723,614402,390745,298057,717234,0.932848954668885,1fMznDMrh1,9zf9uE6sVU
789,958055,968064,765486,634595,492666,672260,222916,0.8969091865004896,fVMQ2eApZ2,Pj7D5WfXTN
790,218542,867759,919626,10876,475827,661656,959728,0.25458817088869656,zGenNlyorH,rQANThZsux
791,33498,901220,282254,991075,317156,109061,46292,0.947775369248661,TqsgNlcaUw,njNMpzDSb3
792,527473,898764,590159,961217,130969,34770,930087,0.4980147998485194,PmWjjyak4N,uivsRbfL1N
793,992925,146023,770486,680717,398269,997864,87538,0.11545551877098059,ZQrDcAQyg7,7kdS9zrW2F
794,302066,580116,603962,583716,660355,568728,820829,0.6881979599248422,xIv803vJaC,dzIVEPcN3w
795,226747,750915,466311,596479,147859,543197,630115,0.2752088091346112,tEGRXn69iO,SbDP3kiWy5
796,453131,478303,610151,991992,477096,335884,17597,0.5405103152657574,pyvEBNjA7O,X8lQquiwrn
797,823580,751114,331463,850758,859498,316929,227373,0.2708157286313888,oBnjmjKzlG,p7MMnhMvz4
798,903496,839456,575612,257520,100722,592545,785324,0.5512610818673942,lRtl20Z5vI,OJqnLl8g7z
799,282060,789535,882189,85630,355270,593542,155590,0.3841972084838673,pp04QZsxAQ,oxzHSDXdgh
800,443655,800852,219977,863721,898024,233697,305482,0.2630408395381091,OmfcePTb80,B8wnQZNYb9
801,161239,617101,405165,140969,515764,958916,139098,0.42857595203940324,l2Ya1wxwWc,Ws0GbndGR3
802,357237,58729,448362,362259,598649,406546,704685,0.8789365555400185,QDJnqBWEd2,aLuhK3V6BE
803,77976,287959,477801,785502,862304,577534,327378,0.2391993181398413,jSnU7SUoar,cnQklpSk34
804,274863,774946,225480,25599,418524,184225,885735,0.04791694094540211,T42RxvJsRu,wAAZly9r0i
805,545779,298139,283719,858897,383403,822842,199331,0.9487859622013303,K0b7Yl7isx,tnksYBs0Vt
806,793209,741760,242140,376509,428740,173249,176770,0.32595389492311866,nDAzi1XHhI,TSbggVP37H
807,495304,889100,357256,319623,573937,507493,715851,0.24006151321206515,n4IDgcC2Ez,Vtpbkuv95f
808,16115,740391,413185,709845,95650,808852,894269,0.5606087779307571,awD5tN7opn,WFMokQZWTp
809,99288,780498,709506,452421,113373,86778,552307,0.21692718826942092,QhdDMKO0SI,dvlQlciHIb
810,916335,138749,684504,508465,787503,942432,664961,0.9462479674709964,WILRDJ2tvp,zJ604bO3Pj
811,656597,129496,168626,420542,181027,434301,477552,0.8968004468701715,Qco8woQST0,xlw7OKEGT1
812,528268,435414,990143,740144,571482,416800,866583,0.6771737930149588,zmsRRK5QdF,Eje4MjL0XW
813,461490,103142,607316,974869,758795,108120,940559,0.9696228793003829,JclkVH78B7,38RmuQQS9J
814,215725,658012,493247,365727,623970,971743,24825,0.8154607038902337,n9TjG35JdW,9x7INUVJ8m
815,138961,112143,186488,699262,629877,638266,682217,0.29556474426903256,co1NKeabVj,zRVRCi5mrt
816,572300,197045,768252,947870,955843,803206,810490,0.36569813328128,p2ZD8WBn5L,MTImoPPGEX
817,978916,93217,45053,380158,738034,686145,680211,0.501829139275218,DRIeUYoXTR,3v6qgN8ebh
818,745468,336870,32013,52877,675872,746576,836178,0.1763310753980949,1cdeVOExei,gHaCtBaXuS
819,540220,967413,474715,876785,303781,950537,687274,0.8090804063730638,jajABdkua7,AmlsB31CWW
820,147276,307264,869529,553425,374760,934961,267100,0.9279434705168126,z8gCjIPxjL,tWNpr4QsuD
821,409658,787789,603172,513304,389571,732994,904583,0.8494801716714372,Tw53Fb7LxO,QtySz6H2SB
822,268839,670523,981929,412003,173041,550807,200746,0.6428532054127584,ii5LecBMDU,y0dob6i66Y
823,174716,550705,424585,232334,422905,652546,544634,0.0011234366515422423,kYe0TKFW5y,46usFbXFQj
824,807987,245087,182925,859671,486529,87637,845241,0.3341915486571019,aNzZHgm1VG,2w1deXrZhg
825,452068,172554,49253,38727,712802,589413,14110,0.13386373729189727,DwJK0oFomG,uWsbAuSmWd
826,418810,764534,281332,215666,388161,495984,65725,0.4086677322623905,hp8oMcXsCa,xaWnk72DKE
827,737369,884985,320297,9578,213376,612043,481457,0.4459626807857494,8Vy5bGoxGS,NfucjBtsmi
828,750237,288176,3786,138227,979067,748892,787835,0.013222727863746453,JBoXi3tYCb,VegRkpTVfS
829,862840,16328,167330,458864,243029,980232,248184,0.3377084071273121,w3uPDt6she,C2UAkhiyyA
830,367639,505518,155760,542217,231883,259985,705312,0.9086252496583097,AvRx6SysXR,K9UY31MQrf
831,207982,165657,407267,961895,570717,501868,486314,0.29285881693126803,cOoP302gnr,2Rebyyqox5
832,311751,373106,54335,30841,827499,733002,325452,0.5800620888192318,ZFt0aboCa6,fnUuB5RvXj
833,962023,834825,297228,745482,605829,160848,754783,0.6549494718464132,1MRkKFAyxi,qHwOWsVJil
834,279630,224201,803551,874310,292846,348853,100430,0.5452868647881217,avvLG42vLC,k6QK9Rk1gt
835,992850,844459,111553,867318,822990,105519,170901,0.7571173708145126,K21hN1398G,4qHPFsOnZl
836,698523,740204,102018,896877,888610,111819,747170,0.682027801799436,MGT2hbIyoK,dA9ZYLE1Up
837,730755,892841,400446,75938,624631,850970,647514,0.05379697246531845,ZZiYxKoIjV,j3HHKaqLP6
838,314948,33262,728370,552597,298800,381600,743604,0.234051116693903,YD98vPgN4p,WUGCJipLHc
839,782891,34412,757767,196528,744126,624724,432028,0.43336897065924984,uqN218X5Rp,95HjI4E7Tf
840,248681,114426,994633,917176,461159,430127,454488,0.44765151279969484,cglLdEfLRI,iYA1S0S6wQ
841,364369,62039,496556,989044,714474,927483,618039,0.2460904454379752,KEuX8e6vUx,knhXNKiz4l
842,212627,755232,887019,189181,193769,438713,369417,0.8352069622646401,L13RaygWzV,csagH3mVYV
843,700274,343804,149873,591392,593619,594151,381714,0.5846332236084903,k4TjkjWTPm,tTj85aJ8Tl
844,313030,34598,30692,285101,771372,250974,566792,0.13646324400559107,TEfmMprbEI,qn6B8WcTwl
845,888928,907290,792198,482767,354992,265070,61229,0.6123229289168429,jqZ6bVlI2x,yjiPlURVI4
846,867285,379863,872664,178477,93083,177983,777648,0.8394310426801055,ueU1ywkCtS,ifRNNignCV
847,664449,193553,191073,947359,404385,928405,847908,0.19832218433539328,XxCeokTXB8,4YlGWkhAQ9
848,284550,6814,85253,997419,531108,841934,789227,0.44026665454452607,oNguDdg4cG,2CkOPbfddX
849,635724,282086,709527,356475,562552,594630,165644,0.06289097564668755,h7cWapSSeT,3ID0mmmxrR
850,937651,806358,639674,110055,422322,151610,221051,0.9951863811111511,vvwtK9Ey8v,2XrO1J8OXc
851,970022,13930,96565,868004,963174,668955,296801,0.4999732555855839,qPnJEYrUuE,M2D91ZN5oH
852,897719,650206,189167,253237,996868,114245,225007,0.7533510014104201,lMh7WkjTHg,06TWFHqp2w
853,611113,641760,758182,252515,221807,952164,225066,0.23500573733047692,RbbZFrVYm9,bKJlst3HHx
854,344459,843300,277054,933805,803033,482157,926070,0.9193470779781424,jDYLDhnE5b,Vk4PZiayL1
855,229011,11833,765624,596031,682249,890143,527546,0.8503748301651413,AjyzVoVmhj,QX8xF0eyra
856,114344,134978,824827,365069,122912,154293,166984,0.21621450705598477,c4kwWNjz1J,Q5i1TYH79f
857,495350,568548,557995,220461,859676,480265,22652,0.09505202431135662,07KaseCg8n,rTeiXPl5fW
858,951713,433363,686907,410227,926922,187026,395646,0.6395339349384255,MftkiLMNHU,XFb4mTT9bk
859,969212,163672,290520,126147,767940,455715,559739,0.597070463145452,440XWmFp1q,K6FPKvUYzC
860,627722,824522,273527,412423,31633,703738,721128,0.943843045282436,CkmP6xfnb2,4eENKo429W
861,747553,139201,318988,617038,249720,358376,124427,0.659447483135495,SDOVMOsQ92,nX0fo8McAy
862,444622,529663,683789,308289,7729,47305,187712,0.6177471992714523,cn0dfLFTez,EFwtsnXrh5
863,624693,884287,939452,459151,78219,868309,524688,0.1218016564629284,yiFEfERlAj,mOGP3TzP7p
864,908689,587625,14683,290378,649166,701898,508424,0.4396609245485822,MmmNQuAN9r,uXv9FFhjYC
865,107598,318093,463909,608716,156437,281643,945618,0.36415489320275884,rFonDsrAAl,qpQqRFhVdX
866,642791,3901,923047,503252,562275,587860,308690,0.5917329013140901,MEy25FhWGS,TLLlbJlqgh
867,370131,141945,895059,613867,51105,643020,961957,0.4609845536363929,svk5GVxmcc,MoFpmDfLlJ
868,973969,127054,951967,222790,451481,658857,184202,0.6060738746090805,yYcQN82TVa,6QcVAaweAQ
869,281901,305995,460169,772692,372256,79945,999762,0.2134132185583485,IHrAVFoiFR,OywJFCYRTq
870,610926,498373,600837,219216,677754,391556,792797,0.44493264485637996,H7XIvfD6We,y1IcdirPCO
871,279156,456968,33578,533307,39517,400188,436166,0.008346908125483887,COXtrArd53,AQvhrYsbOr
872,563913,886775,526861,53900,193256,397458,59565,0.273135597728252,QhYJV2SIUh,DM02ngEkXp
873,613236,680360,104251,685707,175755,115381,828006,0.6936895238321201,7i3QFQnIex,vZpZ7zFJ9U
874,972743,889036,297441,433995,460393,199985,555577,0.6408642367314313,Ayk3fcIzEg,UPrpQX5ObI
875,854180,8835,9351,916084,670334,887023,158110,0.2780732635216848,311QKsdv7Y,K4zKY4VtYI
876,923911,431729,550621,547007,628648,582966,239166,0.9749845555613046,raxZYM56WK,QmKfGH5e4y
877,929091,646031,125104,708288,798739,436632,128222,0.21969239367172222,Is17bLHZY6,udKm3CCqBk
878,208634,546920,407285,186334,790741,192413,897699,0.568380621685618,zKKBGTlso9,sSglHJoYOc
879,444487,767956,643477,781321,572368,259576,677495,0.7713880253650587,M75EC3VHyV,apgGixDE99
880,521289,577274,491149,374153,651092,221262,569662,0.7441401430013102,Bi68q7yD9m,WVpzFi7IOT
881,688731,269471,887846,533487,107643,358547,845422,0.7189847517118321,eWf5eAgrEM,wsDPMH5qEB
882,380773,582881,856924,210556,886745,385826,502816,0.4341984072746693,vlA7t0cUD8,oRjbLCddmp
883,810857,303755,112046,421055,840829,355220,474768,0.40238170150239483,PpzJKICIYU,H9EGrP7W7v
884,381651,690170,272606,265157,35699,638831,216313,0.7014095456313281,ZY7LWCSMM0,jMXa0DIPDL
885,219035,344644,679046,406630,54324,609198,712999,0.20848377396254048,BJzdGlvUWY,Y3uiELlf8b
886,580399,988440,954032,757997,282541,838967,580537,0.13817864260949053,ypfMYGcgTP,Og2w0cB2Gl
887,636880,844010,349013,90830,365436,431976,258411,0.46937768755848563,JhRBdSuN27,4lnhvZSH0z
888,585643,613136,463879,121786,973919,738160,636583,0.3876124122293022,spiLum7Nw2,XThc7qZupB
889,473601,295705,458867,258389,638266,142607,378461,0.026923021673620928,XmHmOE0Yqb,p4gPZrZB37
890,974144,823186,668949,166898,860839,131091,596284,0.45624762448981426,WDnkiDfuKM,OGraur2aAg
891,780573,651481,952010,521991,769605,757079,727503,0.4188713832272346,l0I7vMJ7qO,TVjSSxkE0f
892,286990,538454,482125,311735,95094,664569,155919,0.9558352919728663,RL5xeHxKVm,YsuYdmuhsQ
893,817832,884363,54668,657271,867396,733815,465043,0.8416871729516372,yf1OEQXkGh,LitiQvxJoD
894,228640,639152,515733,754254,537673,181689,221988,0.5934300104699173,4GJvqsCA1Q,LvK02WwRow
895,955616,880643,851734,724236,873624,377478,894543,0.36580163937798593,95qbq6OXPF,XahoefboCZ
896,620239,909479,33049,27812,650583,920724,560793,0.1918680189286447,99cry8ZuBd,cDKbJOolU4
897,736499,723980,609371,120005,807496,878866,633674,0.08097164509465704,rHa4Z8jj3U,Mv7K6dJCtD
898,898387,731143,489374,456543,955620,635061,28691,0.01431551672138065,omlDfQv6aR,ZxH5wYYdhE
899,836389,621028,56247,747206,779978,142974,604813,0.2144435510349606,WvaXNCeCmZ,I7HdCzQFqE
900,340751,400210,861302,749299,518827,917058,942494,0.8168317857024932,KmbSsP1y1L,iFKT8CWv80
901,676683,769773,511186,141190,930471,297428,898014,0.828790743109061,5HHXlVhZnG,CYtuGXkIfw
902,730214,835340,938735,193620,480158,993073,688003,0.03446267474427778,1K8YU9HPwC,l9T5hOog3t
903,817430,469214,557545,565876,707427,318495,872186,0.1861284650642958,bO9seJphfv,LJltIMeifq
904,900906,947758,179224,162137,918350,70451,268311,0.7027069584513248,eYD75X2d0m,wCU0piBmzQ
905,640645,174515,252254,13487,443660,391643,871151,0.0007032887276591238,byhAA3Tt4f,WFMk7lRwVl
906,596531,761513,412459,228521,329543,198393,103032,0.11173926136527457,CijmUtzoAb,Qd8Sblha79
907,360069,131901,989837,9172,785490,572637,535752,0.3238901017679179,UVPh6ywdc0,OIeEWgLllu
908,339090,991395,550069,679600,69275,625449,954261,0.21907295060975684,D3S8cXsrOH,dFtME0DKV0
909,957630,884982,200898,639080,330182,210257,667877,0.44017630582418965,O3WsDVKcZ3,8k4LbRDb25
910,360912,968693,15904,768505,51903,587173,876247,0.26653990917546677,OSMH5zV7Mq,55iUugpP3i
911,220612,713760,704620,326920,555496,648612,719852,0.03994284253065583,AGL9ulyQR2,qH8mrIfaGZ
912,442072,582276,254112,35580,361977,483928,175214,0.6603350059876157,9O2Q57DlMU,WWenkPWicr
913,40578,713742,462419,743136,276427,894896,800471,0.5648891915669723,mMSuJqAun4,5wEsof4Z8N
914,265538,644655,627967,47056,768870,77040,571358,0.35573182616956744,sgbXjBZ5U6,4nGp7SfBym
915,926279,880933,13449,864061,30949,81398,805432,0.34781477209145273,rT35K3lPQh,5YrqFgJR81
916,34504,725056,644505,917705,984897,360817,894683,0.8306945878759825,aMFbrmDrxh,Xr5NursHNC
917,731208,703762,8481,701336,77658,672422,500335,0.1250876526292487,KQKHV1DzfV,o6CoO5VxeJ
918,559124,791843,28840,788783,36131,561572,250418,0.6650789596457448,bLetiGiXmf,ahp5AiCt3O
919,91572,916858,263933,941980,718958,333555,850101,0.783519459591303,vksqzQujWP,Cv0S4YhcBC
920,867490,635314,144310,274464,431428,104246,606805,0.13155331482502686,rPX2eDm2uR,HqiMON66rA
921,411306,949418,920259,943527,657483,223650,404734,0.6702976943703112,YQtBgvub4P,lXxMxFDwvx
922,13465,558778,941741,925447,297001,573448,115084,0.6265849418212118,4ymxlUGm54,J5y3kN22Wy
923,53317,869730,445155,856128,62669,220062,268687,0.916045578850825,2kvEgcvWYj,291D7k7zN9
924,253007,386817,29727,80311,76383,828219,923922,0.8275190900022923,q4l8cjHSPo,BwKEF8xaIy
925,785277,746282,486527,843262,691208,241388,359357,0.9906944869235843,lt19inf6hm,3pkVED7EAT
926,580735,123710,542380,175988,458827,991604,287468,0.5962609125522408,HnPS3CLtUc,al8yw3y07f
927,43018,298942,599890,631372,857001,10661,513958,0.8691068570944113,3JP4K9JIx9,i7Xb6wJDt4
928,929514,952888,513418,856644,826256,568682,603172,0.34268953863319596,dJrXZByGKU,XWmEwkRTUR
929,708340,178736,381356,665519,718744,829924,153500,0.20722976038872643,qHWDua59jp,174rFG9dxU
930,55986,897246,502778,18811,873241,538033,382031,0.3901596415134818,6ZNCWazwG3,WDocjd9Zvg
931,929557,709106,241840,589308,416995,509717,958087,0.05752461329676928,hgQWEtsh9K,wKjURLMi7X
932,931812,333719,638839,856433,216730,676896,836942,0.9930089510552905,O1YF3nmXN6,sHC0hE7NgD
933,769704,563662,763875,91660,130590,714928,659804,0.7203977112905383,PBx6ac6gIM,U30DXn2sKC
934,201540,964886,402907,585383,396730,529652,314033,0.3089193358363852,WULW3ycfAz,PPWIks9TJj
935,169889,565047,80609,861343,206532,891246,907011,0.7216780285684352,yYo9A0AQEA,zlDtSeKtWl
936,707584,548198,135223,681250,420995,689597,712861,0.12579970464981605,rFyxm8R6aC,4KY2hGajjx
937,986194,758044,85525,474291,477519,227457,828012,0.02283129673141371,Vv9unYup4G,6GLEcSQmld
938,532141,115470,467115,649315,21929,847101,591538,0.09463670285992865,4OmcaHywgm,tceg9h5YyF
939,675837,839109,256714,567789,494258,857637,4007,0.5708305128685972,gmoa99OFug,iGzIRWvMoB
940,34836,95443,595600,213224,732099,843373,957927,0.37730952802802,i5KG8PX1kt,aPbgXJfk4y
941,857130,933171,10866,283336,258694,993652,816120,0.23790487420232964,3DFdDU041N,hvpx4F6bH9
942,632319,758079,818473,638477,474962,943752,61099,0.305164635037503,zhoK2aiSPc,vm76Szi4Tj
943,230736,141091,245754,992818,828068,383026,207466,0.8970848676241384,snuY7SSQag,Vh1p7qqfY1
944,114909,12110,426168,522665,211070,265140,428769,0.5957840876785084,WH9OkA5JFW,Qx8BtBjU41
945,964785,882262,301533,856055,358270,613706,305565,0.7226336758840736,21Ff39JSoJ,F8xF5cSrk4
946,1815,339723,112113,667588,500889,558810,907981,0.3814998314589948,RvFDcbajSd,C6YkpUlSvw
947,266571,551383,641495,174989,848471,984683,812030,0.03665190566407972,SDA5AstdgB,089SVzLgRj
948,79640,13709,282037,618224,955530,238683,18787,0.36362630681958463,CsHyKp51vf,HwlUvgbjgH
949,441093,535389,48914,854964,859377,630931,788680,0.7454021556577743,EFFpVCFmRE,4Ql6B3TD6y
950,451336,819785,119077,71598,894659,575724,27203,0.6442617359927483,oM8J3XxpEk,oEt6d1Mcqe
951,412184,653964,425444,772791,382800,984097,862051,0.21762386546937362,5P6rHzvFje,qc5Gz1yHIS
952,342387,923764,987879,962710,175195,842709,517797,0.8839420399781016,W9B28wlKnc,zqFvnatVQP
953,639849,691099,515694,913411,513612,973118,702669,0.4702447714500596,yfRtbmiCnJ,YQ6qgEZkFZ
954,538538,455684,352614,905064,741815,719177,40023,0.27867108968510124,pQAcHh6BrD,f9APP5gckO
955,417973,538822,3918,357377,684424,157197,488097,0.9757553187228191,8Yb7ga6apn,pDqLEYUDpJ
956,773098,753049,442879,491916,84855,704580,698065,0.3090702795168999,ZHyRIYDVy5,WFLPAom1tK
957,918615,862578,869386,549818,863118,616722,855768,0.3896620363697345,JpVVZJu1L6,BBPSUMEYAz
958,258358,53113,804035,884750,408333,284608,601789,0.8944001199230726,Jhi9eb8ugi,dz35n4qhth
959,25266,18628,94462,122572,535809,461658,604236,0.21306458830478114,NhNBfcOoYp,wRKDoS7IZT
960,761849,573669,698621,554328,929340,86280,25408,0.870580887137248,snMpCuZnWe,Ab5lPw9Kqw
961,597150,279306,511521,883945,106395,906529,664141,0.4919081972419662,OCfFlfFbFN,Ign67pVmlq
962,561999,878218,589198,453767,191775,494122,227347,0.0068097336859079816,2dmajLWEsN,qPZMmCaJh7
963,948496,535224,950449,711229,601907,402332,405002,0.21573664134213888,TUnPEq8ix3,JIdxOfsf8o
964,89617,58976,327903,96540,170835,420683,280064,0.9357931032319781,QrwzuCrPQG,sqRqjOiDvT
965,977306,889081,739018,268196,84450,942049,615670,0.09373355867345023,uOYua84TZp,mzFxGlectS
966,739166,474586,817250,238038,692239,887851,546268,0.2777216683863535,dDjwRvlV4h,1vHI9ktE8Q
967,758372,455731,775408,143819,740823,5317,550427,0.9627415437769514,v5Wzq8L2FW,i3iMFkoSOy
968,261036,309324,47724,990176,388032,613337,919557,0.1092639443020722,lFjVMpBxJk,ygvmELe03g
969,235833,613601,850860,817152,368399,680204,956148,0.32071197305598476,IZLXo3VA9E,u0ibblPKRD
970,666772,676877,220756,198013,668174,433678,239868,0.9412975428754228,CuNFbTqdlJ,KRBPJIopHD
971,242929,646884,136124,766999,306990,158839,449133,0.23144730875635555,n4vdeentbk,n3yRAXySvz
972,587035,738024,859611,698406,570143,791940,729792,0.2903819810798738,VNVyeQSlmC,inkNmJoHSd
973,5476,989605,457383,680396,436710,502994,216343,0.23443143697740443,SZ3hWnw5Ok,STlTJAmT5C
974,948306,367490,342887,468737,227843,771773,642802,0.19737841228170405,jf5ms4Iezg,jwSAUknb3V
975,413642,148915,730947,164905,459640,677417,236124,0.12464881227005031,Tb17tGvnDJ,ZYfBCEkBqN
976,892602,352355,854366,25397,302871,374012,288625,0.698649561725178,MJJY2tpNF4,C2rROSwaGK
977,78295,960705,939316,54792,239862,889882,263928,0.07305495483163049,DHIVHPheUn,z1i4a5ZOVq
978,901094,669329,77193,98038,701319,966620,672061,0.3427918826620845,RHhTGUmebT,IU7M46jfmt
979,401224,772694,301571,201979,347134,314333,499510,0.21041384914891093,vdP9Rdh8um,s9Qjzb3pNU
980,941551,762969,69041,20051,271806,102736,421478,0.9239370777271023,6JS08vC2zW,VCCoAawCjb
981,120304,811056,683292,317778,832679,471891,44375,0.0654386184630169,zT9zTqoPlt,0Nx0IzuP7j
982,69599,286563,717626,384183,966039,9996,720679,0.41400519562095894,w5NE9etxCZ,rdwCXEkeNw
983,461339,703210,899564,415316,585917,29450,857683,0.37061521025541644,GvJ1HaWRuU,WjhlSEVZ9O
984,535227,757610,775867,544367,128319,546877,312967,0.3228377875390682,vraOoZHZVo,ROziNf4CNZ
985,414121,960133,237312,400563,213752,198426,753554,0.32065701948968506,ITHZGOBTtk,X6IQtPRbsf
986,622298,385661,380607,525382,217126,34692,593787,0.02364369086190843,lT4Bt8dCYm,maFyCbzf1D
987,842641,927790,959731,51209,925115,19048,846412,0.03476523395313469,zdeI6nS0xD,FV6oi7lWDu
988,964268,195930,946988,172755,962387,505175,870295,0.9747020013603117,7yWO1zDq3Z,XiKIH5rsqU
989,631609,49368,502608,633457,733557,633626,523334,0.6723052942252454,SEMGreU8q6,aRol2onxx9
990,580170,158362,732239,291349,58316,691669,177413,0.602840844447929,HRpV2qiA6Y,WfnRRBwsN1
991,796235,936132,940275,466996,819766,969200,734983,0.6778834694635798,Nkw4iI0MEx,RZI8sqDnSd
992,667830,743264,402898,146209,323934,364173,325790,0.18734484763366954,yfePynqjxq,NlqKSZJuhQ
993,80329,729386,5705,838217,700798,316062,495147,0.1036203049635065,CD4XZhuoHb,LrkYqsHkVX
994,657733,351025,580644,840688,840971,77432,887633,0.6119729436038561,oML72Kk7Lb,W0P2NVfd4o
995,229108,496546,206419,836882,856697,806605,375526,0.6377650037549931,rAGV2HST8m,u2QYdUr3Tl
996,382986,628548,581714,889613,603712,382078,108843,0.8317710816236368,BwKgeMEsj5,1ciUEfx3VY
997,578723,682606,619489,213956,759770,142390,494326,0.6449925215942287,aqzbOMRM8d,B1OBCwEHFx
998,856179,874554,441128,812339,629283,572401,648471,0.45612424919731187,XtXhDHI0iS,qB6iS4Gf2D
999,492002,945245,503710,664301,369428,104715,471926,0.13327823238288483,WSd5Q47GqW,yUgeAStrlk
